customer_id,first_name,last_name,date_of_birth,email,account_open_date,kyc_status,branch_code
1001,Danielle,Johnson,1955-01-27,donaldgarcia@example.net,2024-12-01,PENDING,B002
1002,Christopher,Henderson,1937-03-03,jesseguzman@example.net,2017-12-25,PENDING,B001
1003,Debra,Gardner,1951-02-01,lisa02@example.net,2020-03-21,PENDING,B003
1004,Joshua,Lewis,1990-09-24,daviscolin@example.com,2022-01-12,PENDING,B001
1005,Lindsay,Blair,1974-02-20,smiller@example.net,2022-03-07,VERIFIED,B001
1006,Michelle,Ray,1986-06-05,stanleykendra@example.org,2024-07-19,PENDING,B002
1007,Michelle,James,1968-02-04,francisco53@example.net,2018-08-31,VERIFIED,B001
1008,Sharon,Wong,1979-06-18,amandasanchez@example.com,2019-10-16,VERIFIED,B001
1009,Veronica,Bowman,1975-08-26,megan03@example.org,2024-01-17,VERIFIED,B001
1010,Richard,Jones,2001-08-26,jason76@example.net,2020-08-01,PENDING,B003
1011,Joseph,Wright,1975-12-22,julie69@example.com,2019-08-13,PENDING,B001
1012,Wendy,Taylor,1971-01-08,callahaneric@example.org,2023-12-01,PENDING,B001
1013,Robert,Brown,1962-11-08,jrice@example.org,2022-10-19,VERIFIED,B001
1014,Danny,Dyer,1989-10-22,daniel62@example.com,2016-01-10,PENDING,B001
1015,Jennifer,Cortez,2005-12-10,williamrodriguez@example.net,2018-12-24,PENDING,B003
1016,Danielle,Lynch,1946-02-25,amberosborne@example.net,2025-03-07,VERIFIED,B003
1017,Carol,Burns,1943-02-28,natasha43@example.org,2018-05-27,VERIFIED,B003
1018,Ashley,Miller,1988-06-03,spenceamanda@example.org,2017-04-12,PENDING,B002
1019,Thomas,Pierce,1954-05-06,ibrandt@example.net,2022-11-23,VERIFIED,B003
1020,Jennifer,Ross,1984-01-11,samuel87@example.org,2018-06-22,VERIFIED,B003
1021,Caleb,Smith,1975-06-07,adrianzimmerman@example.org,2018-04-14,PENDING,B003
1022,Rebecca,Heath,1940-03-02,joshuawashington@example.net,2017-04-26,PENDING,B001
1023,Selena,Duncan,1969-07-01,maguirre@example.org,2016-12-18,VERIFIED,B003
1024,Ryan,Henderson,1969-02-01,nuneztracey@example.org,2016-08-07,PENDING,B003
1025,Jessica,Mcbride,1942-12-21,jameswest@example.com,2017-10-30,PENDING,B002
1026,Steven,Baxter,1940-06-30,williamsyvette@example.org,2025-09-07,VERIFIED,B001
1027,Sara,Allison,1947-02-19,zolson@example.org,2017-08-22,PENDING,B002
1028,Aaron,Myers,2002-08-18,smitchell@example.net,2025-12-13,PENDING,B003
1029,Angela,Higgins,1946-04-18,jeff09@example.net,2021-06-01,PENDING,B001
1030,Julie,Brown,1977-08-21,brianromero@example.org,2016-09-05,VERIFIED,B002
1031,Carlos,Hensley,1964-06-20,bethwilliams@example.org,2020-03-09,VERIFIED,B001
1032,Brandy,Mills,2003-03-25,elizabethedwards@example.com,2019-12-14,PENDING,B001
1033,Emily,Evans,1958-01-28,smithchristine@example.net,2025-12-15,VERIFIED,B001
1034,Charles,Lewis,1954-05-10,nicole35@example.com,2017-07-28,VERIFIED,B001
1035,Martha,Warner,1979-08-25,contrerasangela@example.net,2017-01-11,PENDING,B001
1036,Natalie,Baker,1999-12-11,josephjacobs@example.net,2019-06-04,PENDING,B001
1037,Grace,Farrell,1971-11-21,rebecca01@example.net,2020-03-25,VERIFIED,B001
1038,Joshua,Smith,1991-04-15,evan78@example.net,2020-04-09,PENDING,B003
1039,Alec,Jones,1999-06-18,amydavenport@example.net,2021-07-09,PENDING,B003
1040,Russell,Williams,1961-08-12,nolanjason@example.org,2022-08-31,VERIFIED,B002
1041,Michael,Castro,1998-11-06,sarayoung@example.org,2025-10-04,VERIFIED,B002
1042,Lisa,Keith,1936-10-20,kimberly63@example.com,2017-08-02,PENDING,B001
1043,Jacqueline,Reyes,1937-10-27,dwalker@example.com,2019-01-17,VERIFIED,B002
1044,Laura,Perez,1936-09-20,raymondramirez@example.org,2025-08-31,PENDING,B002
1045,Joshua,May,1964-03-03,sheila14@example.org,2021-10-19,PENDING,B002
1046,Tonya,Johnson,1978-07-18,jessica56@example.net,2025-11-02,PENDING,B002
1047,Darrell,Lam,1948-11-14,fletcheraaron@example.net,2022-11-12,PENDING,B003
1048,Shelby,Mclaughlin,1949-05-18,qjones@example.com,2022-03-24,PENDING,B002
1049,Elizabeth,Martinez,2000-09-11,elizabeth56@example.net,2018-12-14,PENDING,B002
1050,David,Fisher,2003-08-22,christinaturner@example.net,2024-05-01,PENDING,B001
1051,Kevin,Clark,1992-05-09,steven73@example.net,2020-09-22,PENDING,B003
1052,Rachel,Flynn,1947-05-20,campbellelizabeth@example.net,2019-05-07,PENDING,B003
1053,Loretta,Potter,1984-02-09,lindsayhernandez@example.org,2018-06-11,VERIFIED,B003
1054,Thomas,Atkinson,1940-04-23,kmercado@example.org,2023-03-07,PENDING,B001
1055,Patrick,Ross,1945-10-07,staffordmichelle@example.org,2023-10-12,PENDING,B003
1056,Jeffery,Brock,1985-10-18,pwilliams@example.org,2020-07-23,VERIFIED,B002
1057,Laurie,Contreras,2007-02-10,stephanie79@example.net,2024-11-30,VERIFIED,B002
1058,Ronald,Meadows,1967-07-19,juliawells@example.com,2023-07-07,PENDING,B002
1059,Mary,Ramirez,1991-10-07,rsims@example.com,2016-10-08,VERIFIED,B002
1060,Justin,Nelson,1958-05-02,taylorjesse@example.net,2017-07-10,VERIFIED,B003
1061,Jason,Perry,1959-02-24,nperry@example.com,2019-11-21,VERIFIED,B002
1062,Kayla,Shah,1936-06-02,wwoods@example.com,2023-07-13,VERIFIED,B003
1063,Melissa,Ashley,1965-08-01,tracynelson@example.com,2016-04-14,PENDING,B002
1064,Matthew,Shelton,1964-07-05,marycalhoun@example.net,2021-05-03,VERIFIED,B001
1065,Rebecca,Vargas,1983-05-24,dayderek@example.com,2017-10-23,PENDING,B002
1066,Jorge,Murphy,1968-03-09,kathleen64@example.com,2018-07-08,PENDING,B003
1067,Christopher,Smith,1974-05-16,jeffrey10@example.org,2025-06-28,PENDING,B003
1068,James,Smith,1946-02-12,thomaswilson@example.org,2020-08-23,PENDING,B001
1069,Jonathan,Wood,1979-03-23,stricklandfrank@example.com,2017-01-27,VERIFIED,B001
1070,Anthony,Collins,1984-06-10,tsanders@example.org,2016-10-02,VERIFIED,B003
1071,Hannah,Burton,1942-06-07,melissa91@example.net,2023-10-27,PENDING,B003
1072,Michael,Patterson,1962-01-17,alexander67@example.org,2020-04-30,PENDING,B003
1073,Michael,Snow,1968-07-22,ryangross@example.net,2018-09-11,VERIFIED,B001
1074,Lindsey,Medina,1970-04-16,lpetersen@example.com,2019-03-21,PENDING,B003
1075,John,Michael,1955-05-11,dsanchez@example.net,2022-02-05,PENDING,B003
1076,Nicholas,Johnson,1997-02-10,tonykelly@example.com,2019-05-26,PENDING,B002
1077,Nicole,Haynes,1955-03-01,blackjames@example.org,2023-03-13,PENDING,B002
1078,Tracy,Chang,1985-05-29,bwest@example.org,2018-12-08,VERIFIED,B001
1079,Richard,Sanchez,1983-06-19,thomas85@example.com,2025-12-17,VERIFIED,B002
1080,Andrea,Bell,1968-02-13,john13@example.com,2017-03-10,VERIFIED,B003
1081,Amanda,Gill,1948-07-05,joannahill@example.net,2025-10-05,VERIFIED,B003
1082,Alicia,Campbell,1942-05-02,kennethward@example.com,2016-02-19,PENDING,B003
1083,Amanda,Hill,2006-02-12,heidi27@example.org,2024-09-21,VERIFIED,B001
1084,Audrey,Harrison,1967-02-24,tammyking@example.com,2017-02-18,VERIFIED,B003
1085,Cameron,Vasquez,1977-02-12,hernandezlisa@example.com,2016-11-05,VERIFIED,B003
1086,John,Grant,1965-05-17,kimberlyjames@example.com,2018-12-20,VERIFIED,B003
1087,Brianna,Patterson,1976-07-03,lynchjody@example.org,2022-04-02,VERIFIED,B001
1088,Joseph,Miller,1952-07-03,moorericky@example.net,2021-12-07,VERIFIED,B002
1089,Kelly,Hall,1986-08-08,ojones@example.com,2023-11-15,VERIFIED,B001
1090,Colleen,Guerrero,2003-02-25,owilson@example.net,2017-06-26,VERIFIED,B002
1091,Joseph,Thomas,1939-05-08,brooke94@example.com,2017-03-28,PENDING,B002
1092,Haley,Lyons,2003-10-23,mkim@example.org,2024-11-21,VERIFIED,B003
1093,Jessica,Munoz,1936-11-18,suzannehuff@example.net,2021-11-12,PENDING,B003
1094,Andrew,Hubbard,1994-12-16,hinesgregory@example.net,2022-07-05,PENDING,B002
1095,Sabrina,White,1977-09-21,ecosta@example.com,2020-01-29,PENDING,B002
1096,Manuel,Garcia,1946-09-26,ssteele@example.net,2025-06-12,PENDING,B001
1097,Lisa,Pierce,1968-03-13,johnny16@example.net,2024-03-30,PENDING,B001
1098,Aaron,Booth,1968-09-19,lopezmichael@example.com,2022-04-01,PENDING,B003
1099,Kathleen,Harris,1975-02-01,samuel71@example.org,2025-09-22,VERIFIED,B002
1100,Chelsea,Allen,1946-07-22,tranchristopher@example.org,2020-08-10,PENDING,B002
1101,David,Collier,1971-05-18,william46@example.com,2025-10-18,PENDING,B002
1102,John,Arnold,1962-12-30,michellehill@example.com,2019-05-24,VERIFIED,B002
1103,Kristin,Adams,1935-03-08,mary97@example.org,2020-06-17,PENDING,B001
1104,Todd,Cook,1990-09-07,ugibson@example.org,2025-10-20,PENDING,B002
1105,John,Reyes,1997-06-25,vwilliams@example.com,2023-01-18,VERIFIED,B002
1106,Lisa,Hughes,1983-06-11,tylerjohnson@example.net,2025-08-25,PENDING,B001
1107,Martin,Garcia,1996-09-06,foxstephen@example.net,2017-06-08,PENDING,B003
1108,Monica,Booker,1940-06-16,matthew61@example.com,2024-07-08,PENDING,B001
1109,Michele,James,1958-02-10,cbrennan@example.net,2016-09-04,VERIFIED,B002
1110,Crystal,Mccall,2007-10-22,hamiltoncorey@example.net,2023-01-13,VERIFIED,B003
1111,Craig,Jackson,1956-11-08,williamslaura@example.com,2019-07-31,PENDING,B001
1112,Ryan,Sanchez,1965-01-27,georgemiller@example.com,2022-03-11,PENDING,B003
1113,John,Durham,1945-06-10,dlittle@example.com,2022-08-30,PENDING,B002
1114,Rachel,Marshall,1955-12-29,charleslandry@example.net,2018-12-26,VERIFIED,B002
1115,Suzanne,Vaughn,1968-05-05,james67@example.org,2018-05-14,VERIFIED,B003
1116,Ashley,Andrews,2007-06-18,andrew64@example.org,2021-08-27,PENDING,B001
1117,Gina,Garner,1938-07-29,swall@example.org,2022-01-24,VERIFIED,B001
1118,Michael,Fields,1980-04-26,courtneyberger@example.net,2016-05-22,VERIFIED,B003
1119,Kristina,Johnson,1961-08-18,christopherphillips@example.net,2020-02-24,PENDING,B001
1120,James,Buchanan,1998-12-23,alyssa42@example.com,2025-02-19,VERIFIED,B003
1121,Sherry,Coffey,1956-07-16,linda71@example.org,2023-07-15,PENDING,B001
1122,Jeremiah,Rhodes,1984-03-23,zcoffey@example.net,2019-08-27,VERIFIED,B001
1123,Krystal,Smith,1974-03-01,vrichardson@example.net,2018-08-13,VERIFIED,B001
1124,Parker,Little,1962-02-10,thomasharvey@example.net,2019-04-11,PENDING,B003
1125,Chelsea,Holland,1981-05-18,tblankenship@example.net,2020-01-29,PENDING,B003
1126,Donald,Shah,1957-03-19,pwilson@example.net,2017-05-08,VERIFIED,B003
1127,Shawn,Santiago,1989-03-30,umatthews@example.org,2024-11-06,PENDING,B001
1128,Diana,Bass,1979-12-09,antonio53@example.com,2020-06-10,PENDING,B001
1129,Joel,Cox,2006-08-08,amy50@example.com,2018-10-02,VERIFIED,B002
1130,Tammy,Rush,1995-02-28,batesdarlene@example.net,2025-09-15,VERIFIED,B002
1131,Brent,Cook,2007-03-06,caseyhubbard@example.org,2021-11-10,VERIFIED,B001
1132,Lisa,Hall,1991-07-10,ramireztracey@example.org,2021-05-25,PENDING,B002
1133,Lauren,Rodriguez,1998-03-31,alexistyler@example.org,2021-11-19,VERIFIED,B003
1134,Alfred,Baker,1944-03-31,vfox@example.org,2020-10-03,PENDING,B003
1135,Kimberly,Palmer,1942-12-15,soniawilliams@example.net,2021-03-17,VERIFIED,B001
1136,Stephen,Maynard,1939-06-08,bboone@example.net,2017-01-27,VERIFIED,B002
1137,Jennifer,Wallace,2000-08-22,charlene12@example.com,2022-03-28,VERIFIED,B003
1138,Brenda,Joseph,1962-10-20,shawn96@example.org,2023-12-05,PENDING,B001
1139,Danny,Pena,1999-01-25,russellbeasley@example.com,2019-05-21,PENDING,B001
1140,Shawn,Perry,1941-12-08,qedwards@example.com,2025-07-13,VERIFIED,B002
1141,Gloria,Wells,1941-08-27,daviscolin@example.net,2019-09-21,PENDING,B002
1142,David,Brown,2004-10-29,elizabeth65@example.net,2025-05-28,VERIFIED,B001
1143,Rodney,Moon,1938-10-01,caroline51@example.net,2021-01-25,VERIFIED,B002
1144,Eric,Olson,1996-11-04,megan51@example.com,2021-09-26,VERIFIED,B001
1145,Lindsay,Bruce,2006-02-19,lynchdiane@example.net,2018-09-01,VERIFIED,B001
1146,Henry,Park,1957-07-20,michael22@example.net,2022-07-27,PENDING,B003
1147,Chad,Figueroa,2005-12-08,reesejason@example.com,2020-07-13,VERIFIED,B003
1148,Eric,Collins,1958-09-04,wareeric@example.net,2016-06-28,VERIFIED,B002
1149,Christopher,Ramos,1965-12-12,nperry@example.net,2017-02-17,PENDING,B001
1150,Russell,Campbell,1984-07-10,trose@example.org,2018-03-14,PENDING,B002
1151,Tracey,Brown,1949-12-01,katrinaduran@example.com,2019-04-11,VERIFIED,B001
1152,Adrian,Burgess,1947-10-27,opatel@example.net,2021-08-01,VERIFIED,B001
1153,Elizabeth,Gomez,1963-12-25,grahamsteve@example.org,2024-08-13,VERIFIED,B003
1154,Barbara,Berry,1986-10-15,zroberts@example.org,2025-08-28,VERIFIED,B003
1155,George,Meza,1968-07-31,christopher13@example.com,2021-11-19,PENDING,B002
1156,Alexandria,Foster,1957-08-23,jeffrey21@example.net,2022-04-30,PENDING,B001
1157,Alyssa,Lee,1991-08-29,jessica23@example.org,2017-06-16,VERIFIED,B003
1158,James,Morrison,1990-06-28,thompsonkendra@example.com,2020-08-19,PENDING,B002
1159,Anne,Riley,1984-09-19,michelle52@example.com,2016-09-04,PENDING,B001
1160,Scott,Turner,1955-01-17,bellcharles@example.com,2020-07-06,PENDING,B001
1161,Brian,Decker,1940-08-05,gilbertwilliam@example.com,2021-10-18,VERIFIED,B002
1162,Stephanie,Stevenson,1937-12-27,marcalvarez@example.org,2025-07-28,PENDING,B002
1163,Shannon,Shepherd,1996-02-14,wagnergerald@example.org,2023-01-26,PENDING,B003
1164,Vickie,Warren,1979-07-06,nathan46@example.com,2023-09-28,VERIFIED,B001
1165,Erika,Williams,1981-01-18,cameron18@example.net,2019-11-11,VERIFIED,B003
1166,Johnathan,York,2005-05-25,mathewaguilar@example.org,2025-02-28,VERIFIED,B002
1167,Kyle,Douglas,1983-05-01,brookehurley@example.com,2021-08-01,VERIFIED,B001
1168,Dawn,Murphy,1944-04-28,lucasrodney@example.com,2016-03-05,VERIFIED,B002
1169,Kyle,Bean,1959-12-10,ilee@example.org,2016-10-06,PENDING,B001
1170,Megan,Garcia,1991-04-08,stanleynancy@example.net,2017-04-21,VERIFIED,B003
1171,Nicholas,Martin,1995-09-07,jenniferwilliams@example.com,2022-10-04,VERIFIED,B003
1172,John,Wallace,1955-10-18,pyoung@example.com,2025-08-26,PENDING,B001
1173,Kristen,Mckee,1949-02-27,smurray@example.com,2021-01-09,PENDING,B002
1174,Robert,Martin,1949-07-28,moniquewilliams@example.com,2024-09-26,VERIFIED,B002
1175,Angela,Garcia,1996-09-29,mitchellkathryn@example.com,2020-06-27,VERIFIED,B002
1176,William,Guerra,1941-09-09,lisawilkerson@example.org,2020-02-22,PENDING,B003
1177,Randy,Brooks,1963-03-09,brooksanthony@example.org,2024-05-21,PENDING,B002
1178,Debra,Moody,1945-01-14,samantha72@example.net,2020-09-07,PENDING,B001
1179,Christina,Bullock,1936-05-19,marydunn@example.net,2022-01-31,VERIFIED,B003
1180,Rodney,Parsons,1952-05-05,williamsrobert@example.net,2020-07-25,PENDING,B003
1181,Daniel,Stein,1978-07-22,chenbailey@example.net,2017-06-06,VERIFIED,B001
1182,Ruben,Mendez,1952-07-22,qlopez@example.org,2021-03-25,PENDING,B001
1183,Michael,Ashley,1974-09-17,myerstheodore@example.net,2019-11-12,PENDING,B001
1184,Nathaniel,Burgess,1961-01-23,cooperjessica@example.net,2017-01-11,PENDING,B002
1185,Bonnie,Sherman,1944-09-25,amy27@example.net,2020-10-12,VERIFIED,B002
1186,Ian,Taylor,1987-04-07,mjohnson@example.org,2023-11-27,VERIFIED,B002
1187,Nina,Stewart,1957-08-18,ihays@example.com,2018-07-12,PENDING,B003
1188,Karen,Lee,1961-01-20,glennmartin@example.org,2023-12-27,PENDING,B002
1189,Samuel,Ross,1967-02-04,lmorgan@example.com,2022-12-01,PENDING,B003
1190,Michael,Salinas,1954-06-19,acostachristian@example.net,2025-12-12,VERIFIED,B001
1191,Henry,Carter,1942-06-26,donna47@example.net,2023-03-04,PENDING,B003
1192,Garrett,Wallace,1967-08-20,christina64@example.net,2025-10-18,PENDING,B002
1193,Stacy,Jones,1981-07-13,william20@example.org,2024-06-25,PENDING,B003
1194,Erika,Kim,1944-03-17,kimberlydiaz@example.com,2025-06-28,PENDING,B001
1195,Antonio,Hernandez,1967-11-03,nathan19@example.org,2021-04-16,VERIFIED,B003
1196,Raymond,Banks,1953-03-20,johnsonjacob@example.net,2019-11-12,PENDING,B001
1197,Anna,Green,1953-12-30,nlewis@example.com,2022-12-08,PENDING,B001
1198,Yolanda,Gonzalez,1944-11-25,hayesrachel@example.com,2025-12-19,VERIFIED,B002
1199,Lisa,Ponce,2007-01-06,jenna88@example.com,2024-11-28,VERIFIED,B002
1200,Melissa,Joseph,2002-09-09,laurahicks@example.org,2025-11-05,PENDING,B003
1201,Laura,Young,1971-01-22,angela57@example.net,2017-04-17,VERIFIED,B002
1202,Nicole,Jones,1964-01-23,xfox@example.com,2024-03-24,PENDING,B003
1203,Charles,Compton,1981-11-19,howens@example.com,2017-04-11,VERIFIED,B001
1204,Maria,Arnold,1977-11-26,ryanbartlett@example.org,2024-04-23,VERIFIED,B002
1205,April,Torres,1946-10-26,michaeleverett@example.com,2024-06-15,VERIFIED,B002
1206,John,Reid,1975-03-17,colleenmendez@example.org,2021-01-07,VERIFIED,B002
1207,Gary,David,1946-04-02,megan90@example.org,2016-10-21,VERIFIED,B002
1208,Stacy,Wise,1954-04-25,katiebutler@example.net,2016-04-18,VERIFIED,B001
1209,Pamela,Gardner,1981-11-08,timothy64@example.com,2016-09-21,PENDING,B002
1210,Brian,Gonzales,1970-05-06,matthewthomas@example.net,2019-03-10,VERIFIED,B002
1211,Vanessa,Reed,1964-02-06,zachary15@example.org,2020-08-29,PENDING,B002
1212,Joseph,Wright,1942-01-23,sonia96@example.org,2025-08-15,PENDING,B002
1213,Rachel,Li,2003-02-27,james27@example.net,2020-08-30,VERIFIED,B002
1214,Natasha,Jimenez,1941-07-26,pwagner@example.org,2021-10-29,PENDING,B001
1215,Brandon,Campbell,1978-08-12,amitchell@example.org,2020-04-21,PENDING,B002
1216,Nicole,Luna,1990-10-03,brandon09@example.net,2017-12-10,VERIFIED,B002
1217,Angela,Jones,1971-10-21,marcia99@example.org,2017-04-13,PENDING,B002
1218,Colin,Brooks,2007-01-11,kari39@example.net,2020-01-04,PENDING,B001
1219,Billy,Williams,1987-02-01,jstone@example.net,2024-12-04,PENDING,B002
1220,Donald,Velazquez,1958-03-31,vewing@example.com,2021-12-06,PENDING,B001
1221,William,Hicks,1970-10-02,thomas05@example.com,2022-09-25,VERIFIED,B003
1222,Tina,Silva,1993-02-26,carlsonjoseph@example.net,2023-10-28,VERIFIED,B002
1223,Kimberly,Lane,1987-08-28,ojackson@example.net,2022-03-11,VERIFIED,B001
1224,Maureen,Hernandez,1984-09-08,armstrongjackie@example.org,2016-03-08,VERIFIED,B001
1225,Lee,Hernandez,1985-05-26,nshaw@example.com,2024-09-21,PENDING,B001
1226,Jill,Brown,1945-01-27,annbolton@example.com,2021-04-01,VERIFIED,B001
1227,Lee,Thompson,2001-07-30,amy49@example.com,2017-12-01,PENDING,B001
1228,John,Grant,1951-05-30,kellie37@example.com,2020-10-16,PENDING,B001
1229,Ann,Michael,1987-09-04,david86@example.com,2024-03-06,PENDING,B002
1230,Stephanie,Ballard,1956-03-13,stephanie15@example.com,2022-07-22,VERIFIED,B001
1231,Julie,Lewis,1995-06-08,sarah42@example.org,2022-02-25,PENDING,B001
1232,Brenda,Sanchez,1983-11-22,danawilliams@example.com,2019-04-19,VERIFIED,B001
1233,Thomas,Maldonado,1945-01-11,richarddonovan@example.com,2020-10-08,VERIFIED,B003
1234,James,Maynard,1958-06-10,velezchristopher@example.net,2018-04-26,VERIFIED,B001
1235,Joanne,Jefferson,1937-09-19,robertmonroe@example.org,2025-12-19,VERIFIED,B002
1236,Randy,Simpson,2003-05-14,nancy04@example.net,2022-01-08,VERIFIED,B001
1237,Sarah,Rogers,1968-02-29,ismall@example.net,2020-09-03,VERIFIED,B003
1238,James,Rodriguez,1946-11-09,twong@example.org,2016-02-19,VERIFIED,B001
1239,Matthew,Phillips,1984-03-23,gregorychase@example.com,2024-04-06,VERIFIED,B001
1240,Zachary,Miller,1983-11-07,tinawoods@example.org,2016-01-23,PENDING,B002
1241,Patrick,Griffin,1954-06-26,kevin90@example.com,2022-07-13,VERIFIED,B002
1242,Heather,Brown,1943-08-17,erik84@example.net,2017-03-02,VERIFIED,B002
1243,Sabrina,Phillips,1979-11-11,susanmendoza@example.com,2023-06-22,PENDING,B003
1244,Catherine,Perry,1975-02-02,ztodd@example.net,2024-04-01,VERIFIED,B002
1245,Kathleen,Becker,1978-06-28,foxallison@example.com,2016-10-10,PENDING,B002
1246,Anne,Brown,1974-12-21,ashleyhernandez@example.com,2024-07-16,VERIFIED,B001
1247,Scott,Frazier,1987-05-01,gdavis@example.com,2024-01-31,VERIFIED,B003
1248,Shawn,Palmer,1968-05-04,hansenemily@example.com,2023-03-25,VERIFIED,B003
1249,Randy,Velasquez,1989-06-09,williamsmelvin@example.org,2021-05-28,VERIFIED,B002
1250,Brian,Shannon,2006-12-25,ajohnson@example.org,2023-09-08,PENDING,B001
1251,Katie,Good,1982-02-22,ybrooks@example.com,2024-09-09,VERIFIED,B003
1252,Rebecca,Bennett,1984-10-31,desireebailey@example.org,2025-12-03,PENDING,B003
1253,Phillip,Anderson,2006-06-10,avilatiffany@example.com,2022-09-24,VERIFIED,B002
1254,Amy,Patel,1995-02-06,stevenmoore@example.org,2025-05-15,VERIFIED,B001
1255,Jessica,Rodriguez,1994-02-01,bmendez@example.org,2018-01-20,PENDING,B002
1256,Craig,Johnson,1978-08-19,sanchezbradley@example.com,2018-05-04,PENDING,B001
1257,Jeff,Shields,1939-02-11,jim95@example.net,2021-12-22,PENDING,B003
1258,Emily,Flores,1957-01-08,valerieboyd@example.com,2018-12-31,PENDING,B001
1259,Bruce,Fry,1999-03-19,conniesimmons@example.com,2016-06-18,VERIFIED,B003
1260,Maxwell,Schneider,1962-10-26,heather62@example.com,2019-10-05,VERIFIED,B001
1261,Karen,Wells,1996-12-29,meredith27@example.org,2021-08-14,PENDING,B001
1262,Tammy,Grant,1944-10-13,jonathanrivera@example.org,2025-03-20,PENDING,B001
1263,Melanie,Davis,1987-11-21,brettbennett@example.net,2022-01-09,VERIFIED,B003
1264,Morgan,Lopez,1990-08-07,timothybooth@example.com,2019-01-10,VERIFIED,B001
1265,Regina,Lewis,1948-11-12,burgesskaren@example.org,2022-12-14,VERIFIED,B002
1266,Jane,Sanders,1952-06-19,kimberly67@example.net,2022-06-25,VERIFIED,B002
1267,Kyle,Ward,1999-06-10,ugarcia@example.com,2023-08-12,PENDING,B002
1268,Luke,Harris,1957-11-02,hartjeffrey@example.org,2016-02-27,VERIFIED,B001
1269,Angela,Silva,1987-07-22,elijah53@example.com,2021-09-10,PENDING,B003
1270,John,Pierce,2003-11-13,jonathan77@example.com,2017-09-04,PENDING,B002
1271,Laura,Jackson,1987-07-30,iwhite@example.net,2025-07-26,PENDING,B002
1272,Alexandria,Combs,1940-06-02,duranrobert@example.net,2018-04-23,PENDING,B003
1273,Jasmine,Smith,1971-11-30,bruce97@example.net,2020-11-15,VERIFIED,B003
1274,Adam,Arnold,1935-11-10,amanda40@example.net,2024-02-16,PENDING,B001
1275,Emily,Drake,2001-05-29,hullalice@example.org,2017-11-30,VERIFIED,B002
1276,Alisha,Ochoa,1954-07-05,zmiller@example.com,2021-08-23,VERIFIED,B003
1277,Veronica,Perez,1984-12-05,valdezmichele@example.org,2016-12-05,PENDING,B001
1278,Nicholas,Tran,1939-02-03,warnerchristopher@example.com,2022-06-11,VERIFIED,B003
1279,Mark,Madden,2006-01-31,hallrachel@example.net,2024-11-14,PENDING,B001
1280,Thomas,Williams,1940-06-03,rachel90@example.org,2025-04-13,PENDING,B003
1281,Leonard,Ali,1977-11-06,thickman@example.org,2021-08-20,PENDING,B003
1282,Ashley,Atkinson,1984-06-01,patrick21@example.net,2023-06-14,VERIFIED,B001
1283,Michael,Davis,1951-12-10,petersonkayla@example.net,2019-12-18,PENDING,B003
1284,Kim,Johnson,1954-12-12,whenry@example.net,2025-05-28,VERIFIED,B001
1285,Ryan,Frazier,1983-03-23,bartonkenneth@example.org,2023-02-15,VERIFIED,B002
1286,Christopher,Moore,1986-12-12,jodistewart@example.org,2016-11-28,PENDING,B002
1287,Sherry,Wallace,1990-07-28,andersonjacob@example.com,2021-07-25,PENDING,B002
1288,William,Garcia,1941-07-15,carlsonkristen@example.com,2016-02-13,VERIFIED,B002
1289,Robert,Maxwell,1987-11-28,ashleyjackson@example.com,2017-09-09,VERIFIED,B002
1290,Joseph,Adams,1945-08-25,ryanfisher@example.com,2023-10-28,PENDING,B001
1291,Michael,Raymond,1987-08-15,mwheeler@example.com,2017-01-23,VERIFIED,B001
1292,Kevin,Rush,1959-03-31,vbrock@example.com,2019-05-05,VERIFIED,B002
1293,Lisa,Villarreal,2006-02-10,kevinmorrison@example.net,2018-01-01,VERIFIED,B002
1294,Leon,Oconnell,2005-09-17,jessica79@example.org,2019-04-03,VERIFIED,B003
1295,Juan,Hartman,1961-08-22,brittanygardner@example.net,2023-09-03,VERIFIED,B003
1296,Anthony,Acosta,2003-10-31,samuelcarter@example.net,2016-09-07,PENDING,B001
1297,Melanie,Pope,1984-02-14,cynthiaallen@example.net,2017-07-15,PENDING,B003
1298,Rodney,Bennett,1967-10-11,iaguilar@example.net,2025-03-25,PENDING,B001
1299,Molly,Barnes,1937-09-05,jacqueline89@example.net,2025-02-20,VERIFIED,B003
1300,Daniel,Wright,1983-07-08,deborahwilliams@example.net,2022-10-08,PENDING,B003
1301,Reginald,Goodwin,2005-06-28,grodriguez@example.com,2018-03-19,PENDING,B003
1302,Julie,Grant,1985-03-12,seanmyers@example.net,2021-11-18,PENDING,B001
1303,Vincent,Cooper,1936-10-14,phillipssamantha@example.org,2017-02-26,VERIFIED,B002
1304,Shelia,Thomas,1957-10-05,hmueller@example.com,2019-06-24,PENDING,B002
1305,Connor,Bowen,1968-01-09,evanslisa@example.org,2016-03-21,VERIFIED,B003
1306,Matthew,Rodriguez,1993-05-25,zacharyarnold@example.com,2021-08-05,VERIFIED,B003
1307,Susan,Hall,1964-07-24,jacobsandoval@example.com,2016-04-14,VERIFIED,B002
1308,Christina,Gonzalez,1978-03-23,nsmith@example.org,2018-10-11,PENDING,B001
1309,Jane,Flynn,1977-02-20,michaelgonzalez@example.org,2018-08-14,VERIFIED,B001
1310,Michelle,Rose,1981-08-25,lcarr@example.org,2019-06-22,VERIFIED,B003
1311,Megan,Williamson,1994-05-25,samantha91@example.net,2017-05-02,PENDING,B003
1312,David,Torres,1948-05-10,williambarnes@example.org,2021-09-28,VERIFIED,B001
1313,Rodney,Tucker,1974-03-23,angelaburns@example.org,2017-11-12,VERIFIED,B001
1314,Megan,Harvey,1998-03-06,washingtonjames@example.com,2025-08-19,PENDING,B001
1315,William,Simpson,1984-12-23,cmckinney@example.com,2017-08-31,VERIFIED,B003
1316,Ariana,Flynn,1951-02-03,hillamanda@example.org,2023-10-21,PENDING,B002
1317,Ariel,Barton,1971-02-25,armstrongjoseph@example.net,2024-03-24,VERIFIED,B003
1318,Michael,Carson,1938-01-12,bpayne@example.org,2023-05-10,PENDING,B001
1319,Desiree,Wright,1998-11-09,colemichael@example.org,2020-05-20,VERIFIED,B002
1320,Victoria,Rowe,1952-04-16,michelle96@example.org,2022-02-26,PENDING,B002
1321,Kristen,Li,1993-10-16,amanda98@example.org,2019-03-26,VERIFIED,B002
1322,Jane,Roberts,1954-07-06,taylorkaren@example.com,2025-03-08,VERIFIED,B003
1323,Victoria,Camacho,1944-04-04,johndawson@example.org,2023-08-11,PENDING,B003
1324,Erica,Burns,1977-02-22,courtney67@example.org,2022-05-01,PENDING,B002
1325,Nicole,Davis,1972-08-19,heather57@example.com,2019-04-08,VERIFIED,B003
1326,Aaron,Schroeder,1988-06-25,sreid@example.com,2024-06-30,PENDING,B002
1327,Laura,Sanders,2005-09-01,troymorris@example.com,2019-05-16,PENDING,B002
1328,Becky,Knight,1970-06-04,patricia00@example.org,2022-04-04,PENDING,B001
1329,Mary,Smith,2002-11-04,scottsmith@example.com,2018-01-07,VERIFIED,B002
1330,Haley,Anderson,1982-06-11,nancymcdowell@example.org,2022-07-17,VERIFIED,B001
1331,John,Watson,2000-12-21,brettgarrett@example.net,2022-12-28,VERIFIED,B001
1332,Jim,Rios,1986-05-13,lewischristian@example.net,2018-04-04,VERIFIED,B002
1333,Erin,Smith,1985-10-09,mcneilrobert@example.org,2020-10-09,PENDING,B001
1334,Jeremy,Davis,1993-10-30,edwardsnicole@example.org,2019-10-28,VERIFIED,B003
1335,Lisa,Baxter,1981-10-30,caseyelliott@example.net,2022-06-30,PENDING,B001
1336,Scott,Bowen,1980-11-04,samanthajensen@example.com,2024-08-05,PENDING,B003
1337,Christopher,Garcia,1989-12-03,bbell@example.com,2023-11-27,VERIFIED,B003
1338,John,Newman,1953-02-09,kimberly04@example.org,2021-03-04,VERIFIED,B002
1339,William,Adkins,1956-07-27,bowerslaura@example.org,2020-12-10,PENDING,B003
1340,Daniel,Porter,1978-05-08,hatfieldsarah@example.org,2019-11-12,PENDING,B003
1341,Mary,Fisher,1974-11-17,kathrynbest@example.org,2016-02-28,PENDING,B001
1342,Carlos,Baker,1937-11-25,fryraymond@example.com,2022-04-13,PENDING,B001
1343,Walter,Perry,1986-03-24,davidsonamanda@example.org,2018-10-08,VERIFIED,B002
1344,Kyle,Dixon,1949-10-29,amandamyers@example.net,2023-08-18,VERIFIED,B001
1345,Debra,Day,1957-08-21,pblair@example.org,2018-06-10,VERIFIED,B002
1346,Sandy,Wilson,1979-09-10,parkerjudith@example.net,2017-10-01,PENDING,B003
1347,Alexander,Taylor,1935-10-28,hbenton@example.net,2023-10-29,VERIFIED,B003
1348,Jennifer,Jackson,1944-04-05,jessica10@example.com,2024-01-25,PENDING,B003
1349,Joseph,Brown,1986-12-29,crawfordwilliam@example.org,2020-12-28,VERIFIED,B002
1350,Ashley,Richardson,1953-08-14,shannonemily@example.org,2018-04-12,PENDING,B002
1351,William,Williams,1997-12-27,brandoncox@example.org,2017-10-13,VERIFIED,B001
1352,Susan,Johnson,1993-08-15,pwalker@example.com,2025-02-25,PENDING,B001
1353,Luis,Mckenzie,1976-09-18,shawrachel@example.org,2018-03-24,VERIFIED,B001
1354,Zachary,Williams,1964-04-05,xcline@example.com,2019-04-08,VERIFIED,B003
1355,Angela,Smith,1949-08-23,jodi37@example.com,2021-11-29,VERIFIED,B001
1356,Trevor,Barton,1949-04-05,edwardrandolph@example.org,2018-04-29,PENDING,B003
1357,Michael,Franco,1999-01-11,aaron64@example.org,2018-01-17,PENDING,B003
1358,Tonya,Barnes,2005-02-28,jenniferdavis@example.org,2024-12-19,PENDING,B001
1359,April,Haynes,1962-03-09,carpenterwilliam@example.net,2024-03-12,PENDING,B002
1360,Charles,Bradley,1966-09-30,joelgreen@example.com,2025-04-03,PENDING,B001
1361,Phillip,Decker,1958-10-23,enelson@example.org,2017-05-10,PENDING,B001
1362,Kayla,Rodriguez,1942-09-16,aowens@example.org,2021-05-09,PENDING,B002
1363,Tami,Clark,1957-07-02,melissa12@example.net,2019-01-14,VERIFIED,B003
1364,Janet,Morrison,1950-09-10,eddie35@example.com,2021-02-16,VERIFIED,B003
1365,Erica,Green,2007-04-25,cranemelissa@example.net,2023-06-23,VERIFIED,B001
1366,John,Murray,1993-09-05,davidbrown@example.org,2017-04-20,PENDING,B003
1367,Madison,Watson,1981-01-02,aguilarjonathan@example.org,2016-03-18,VERIFIED,B003
1368,Caleb,Orr,1967-05-14,christopherboone@example.com,2017-03-21,VERIFIED,B003
1369,Sheri,Williams,2002-06-16,zunderwood@example.com,2016-04-15,VERIFIED,B003
1370,Felicia,Thompson,1950-09-01,joshuagriffin@example.org,2016-05-04,PENDING,B003
1371,Christine,Sanchez,1956-07-15,eandrade@example.org,2016-11-14,PENDING,B002
1372,Patrick,Barnes,1981-11-28,crystalpham@example.org,2025-11-21,PENDING,B003
1373,Kimberly,Howard,1974-09-29,kcooper@example.net,2019-03-18,VERIFIED,B001
1374,Joseph,Johnson,1978-08-01,huangkimberly@example.org,2024-01-31,PENDING,B002
1375,Thomas,Howard,1977-08-16,terrigarcia@example.net,2018-05-28,VERIFIED,B001
1376,Amanda,Moody,1988-10-19,barbaramcgrath@example.com,2019-07-18,PENDING,B002
1377,Mary,Bruce,1947-11-07,linda59@example.org,2023-01-11,VERIFIED,B003
1378,Michael,Bradley,1945-05-14,marycochran@example.com,2021-06-01,VERIFIED,B003
1379,Gregory,Johnson,1939-02-04,andrewwoods@example.com,2025-03-05,VERIFIED,B002
1380,James,Anderson,1987-05-01,brian29@example.net,2025-03-02,VERIFIED,B002
1381,Kim,Mathis,1997-10-28,brookssheri@example.com,2021-11-08,PENDING,B001
1382,Matthew,Morris,2006-03-26,fconner@example.net,2019-03-03,PENDING,B003
1383,Jasmine,Hoffman,1999-12-08,jeffrey92@example.com,2019-01-23,PENDING,B001
1384,Haley,Anderson,1988-03-13,xrosales@example.net,2016-04-26,PENDING,B003
1385,Carrie,Mccall,2005-08-16,daniellegarcia@example.com,2017-05-26,PENDING,B002
1386,Julie,Young,2006-09-16,daisymccarty@example.net,2022-09-11,VERIFIED,B001
1387,Jessica,Rogers,1935-10-29,johnjones@example.com,2023-11-12,VERIFIED,B003
1388,Jennifer,Williams,1966-12-26,acosta@example.com,2024-10-24,PENDING,B001
1389,Michael,Bennett,1995-07-01,franciscojones@example.org,2018-12-11,PENDING,B003
1390,Lucas,Lynn,1940-05-30,pamelamartin@example.org,2021-06-19,VERIFIED,B003
1391,Rachael,Davis,1978-05-11,bbush@example.net,2017-08-23,VERIFIED,B003
1392,Pamela,Moore,1942-05-21,terriortiz@example.net,2023-03-20,VERIFIED,B002
1393,Jessica,Baker,1955-07-19,codylong@example.net,2024-05-23,VERIFIED,B001
1394,Eric,Ward,1966-03-18,madison97@example.org,2016-12-18,VERIFIED,B001
1395,Jamie,Little,2006-04-27,tanthony@example.com,2020-09-14,VERIFIED,B003
1396,Patricia,Baker,1981-11-07,ylopez@example.com,2017-11-10,PENDING,B002
1397,Bradley,Gonzales,1954-03-23,anne21@example.org,2022-09-04,PENDING,B001
1398,Lindsey,Gutierrez,1990-03-20,angelarandall@example.net,2020-03-07,VERIFIED,B002
1399,Amanda,Camacho,1969-08-28,thomasmiller@example.net,2016-05-04,VERIFIED,B002
1400,Ashley,Black,1976-09-17,davidtodd@example.org,2025-06-26,VERIFIED,B002
1401,Gary,Lewis,1949-01-23,hendersonvanessa@example.com,2018-01-05,VERIFIED,B002
1402,Lynn,Hernandez,1978-06-07,renee11@example.com,2021-07-23,VERIFIED,B003
1403,Andrea,Gates,1972-12-06,buchanancindy@example.net,2023-10-24,PENDING,B002
1404,Daniel,Hernandez,1976-05-10,buckleyanna@example.org,2023-11-08,VERIFIED,B003
1405,Mikayla,Beard,1999-01-30,patrick79@example.net,2020-09-22,VERIFIED,B001
1406,Gerald,Powell,1980-02-16,vwilliams@example.net,2018-05-15,VERIFIED,B001
1407,Julie,Mccall,2000-06-23,morganlaura@example.com,2018-10-19,PENDING,B001
1408,Travis,Horton,1942-03-01,dennismccann@example.com,2023-09-26,PENDING,B001
1409,Manuel,Daniel,1979-02-27,lopezjason@example.com,2023-05-28,VERIFIED,B003
1410,Katherine,Camacho,1994-12-05,cameronmckinney@example.com,2017-05-08,PENDING,B001
1411,Melissa,Suarez,1937-02-08,nancygonzalez@example.org,2018-06-28,VERIFIED,B001
1412,Stephen,Hull,1986-06-07,micheal78@example.com,2022-05-08,VERIFIED,B003
1413,David,Johnson,1962-03-09,ethompson@example.net,2021-07-05,PENDING,B003
1414,Max,Monroe,1953-11-16,mitchellpaul@example.org,2024-07-14,PENDING,B003
1415,Kimberly,Lewis,1951-02-25,ericaadams@example.com,2021-02-16,VERIFIED,B001
1416,Michelle,Coffey,1984-10-17,pbuck@example.org,2022-01-02,VERIFIED,B002
1417,Alan,King,1993-10-06,jennifer46@example.com,2024-07-05,VERIFIED,B003
1418,Stephen,Robinson,1957-01-19,asilva@example.net,2025-12-27,VERIFIED,B001
1419,Tammy,Franco,1975-12-25,kenneth17@example.org,2019-05-11,PENDING,B003
1420,Joshua,Nguyen,1955-03-17,jacob83@example.org,2024-01-19,PENDING,B001
1421,Leah,Greene,1983-03-19,jenniferrios@example.com,2018-08-03,VERIFIED,B001
1422,Robert,Price,1937-07-28,matthewreeves@example.net,2021-05-05,PENDING,B002
1423,Kristen,Knox,1984-01-16,megan82@example.com,2016-12-20,PENDING,B003
1424,David,Green,1994-01-01,staceylam@example.net,2016-11-20,VERIFIED,B002
1425,Michael,Garner,1957-05-30,nathan94@example.com,2024-07-04,PENDING,B002
1426,Thomas,Delacruz,1977-08-05,kennedyjames@example.org,2024-09-01,PENDING,B003
1427,Patrick,Evans,1938-12-10,derrickgonzalez@example.com,2025-11-13,PENDING,B002
1428,Patricia,Hatfield,1945-06-13,kimberlyfreeman@example.net,2025-11-11,PENDING,B002
1429,Lawrence,Brown,1967-12-30,kathleenjackson@example.org,2020-11-21,PENDING,B001
1430,Kathryn,Miller,1979-11-07,epowell@example.com,2016-01-16,PENDING,B002
1431,Amanda,Cross,2004-05-07,katherine83@example.org,2022-10-06,VERIFIED,B002
1432,Courtney,Wright,1985-08-15,larry16@example.net,2021-11-18,PENDING,B001
1433,Gary,Colon,1956-10-05,stephen89@example.net,2019-05-17,VERIFIED,B002
1434,Pamela,Cowan,1960-01-06,mhoward@example.org,2025-06-23,VERIFIED,B002
1435,Samantha,Powell,1951-09-02,jasonjohnson@example.net,2017-09-07,PENDING,B003
1436,Michael,Santos,1937-09-21,kelsey90@example.net,2025-12-10,VERIFIED,B003
1437,Ebony,Valdez,1936-06-08,butleromar@example.net,2018-07-10,VERIFIED,B002
1438,Jacqueline,Harris,1985-01-19,turnerdorothy@example.net,2021-03-13,VERIFIED,B003
1439,Cindy,Haynes,1965-07-27,huntchristine@example.com,2017-02-18,VERIFIED,B003
1440,Daniel,Gonzalez,1949-07-29,marie35@example.net,2020-02-03,VERIFIED,B003
1441,Ethan,Kelley,2001-06-13,arivera@example.org,2022-09-17,VERIFIED,B001
1442,Rebecca,Conley,1983-11-01,stacychan@example.org,2023-03-26,PENDING,B003
1443,Craig,Scott,1951-11-14,joseph01@example.org,2024-09-26,VERIFIED,B001
1444,Melissa,Ward,1984-05-25,grodgers@example.org,2016-02-03,PENDING,B002
1445,Devon,Holland,1958-12-27,rfriedman@example.net,2016-12-03,PENDING,B002
1446,Lisa,White,1964-04-01,ynelson@example.net,2024-07-02,VERIFIED,B003
1447,Lauren,Banks,1993-03-02,andersonjessica@example.org,2017-01-11,PENDING,B002
1448,Rhonda,Webb,1976-07-11,ywhite@example.com,2022-02-09,VERIFIED,B002
1449,Michelle,Hobbs,1988-02-01,timothyfreeman@example.com,2020-05-26,VERIFIED,B002
1450,Bryan,Pena,1935-11-24,tiffanysantiago@example.com,2021-03-09,VERIFIED,B002
1451,Haley,Montgomery,1966-08-05,timothyalvarado@example.net,2019-11-04,VERIFIED,B002
1452,Mary,Grant,2007-02-07,smithsarah@example.net,2024-06-25,PENDING,B003
1453,Melissa,Booth,1940-06-17,vflores@example.com,2016-06-30,VERIFIED,B002
1454,Jeffrey,Schneider,1964-06-07,christianwallace@example.net,2020-06-22,PENDING,B001
1455,Melissa,West,1943-08-30,bmcgee@example.org,2020-01-11,PENDING,B003
1456,Barry,Dunn,1995-04-15,pamela83@example.net,2022-09-16,PENDING,B001
1457,Stephanie,Cox,1938-12-16,meganrivera@example.net,2021-12-29,PENDING,B002
1458,Jennifer,Cox,1968-01-11,malonejeffrey@example.com,2019-07-19,VERIFIED,B003
1459,Cynthia,Marsh,1974-12-23,jacqueline02@example.com,2017-05-26,PENDING,B003
1460,Jennifer,Griffith,1942-10-20,jacobconrad@example.com,2018-02-24,VERIFIED,B002
1461,Makayla,Lee,1959-08-31,owilliams@example.net,2021-11-18,VERIFIED,B001
1462,Kelsey,Hayes,1983-01-23,tamarasmith@example.net,2016-06-24,PENDING,B002
1463,Savannah,Roberson,1970-04-01,heatherthompson@example.org,2017-01-11,VERIFIED,B001
1464,Diane,Obrien,1958-06-28,mbarnes@example.net,2023-08-14,VERIFIED,B001
1465,Joshua,Stuart,2005-11-03,iballard@example.com,2022-01-08,VERIFIED,B003
1466,Olivia,Hunt,1996-07-15,jennifer83@example.org,2018-02-03,PENDING,B003
1467,Jennifer,Parks,2002-03-29,tinasantos@example.org,2021-01-12,PENDING,B003
1468,Heather,Morris,1943-06-03,anna99@example.net,2023-02-05,VERIFIED,B002
1469,Emily,English,1973-12-20,hstokes@example.org,2016-03-31,VERIFIED,B002
1470,Dustin,Santiago,1949-08-02,tonyavega@example.org,2024-05-22,VERIFIED,B003
1471,Hannah,Phillips,1990-01-03,howardshaun@example.net,2024-09-03,VERIFIED,B003
1472,Jodi,Hancock,1989-03-10,yyoung@example.net,2018-11-14,VERIFIED,B003
1473,Elizabeth,House,1963-04-15,tammy00@example.net,2018-07-05,VERIFIED,B001
1474,Christine,Norman,1998-07-06,rhondabush@example.net,2019-09-03,VERIFIED,B002
1475,Brianna,Rodgers,1949-05-03,kellythompson@example.net,2016-09-27,VERIFIED,B002
1476,Sydney,Moss,1943-09-16,pattersonangela@example.org,2017-08-08,PENDING,B003
1477,Meghan,Smith,1969-01-13,billmcfarland@example.net,2016-07-02,VERIFIED,B002
1478,Sarah,Gilbert,1983-04-24,jtyler@example.com,2016-09-21,VERIFIED,B001
1479,Jasmine,Fox,2004-11-08,hartmanerik@example.net,2021-05-13,VERIFIED,B003
1480,Christopher,Walker,1950-07-27,mark43@example.net,2021-04-19,PENDING,B003
1481,Wendy,Colon,2006-08-13,wilsonmichael@example.org,2025-01-15,PENDING,B003
1482,Christina,Oliver,2004-12-29,patrick16@example.com,2021-05-25,PENDING,B003
1483,Justin,Pruitt,1995-01-03,willie87@example.com,2016-06-07,VERIFIED,B001
1484,Rachel,Lee,1972-07-04,jacksonstephanie@example.net,2021-04-29,VERIFIED,B001
1485,Courtney,Clark,1980-12-12,michellecoleman@example.org,2018-01-18,PENDING,B003
1486,Maria,Johns,1989-02-11,elucas@example.net,2022-11-09,PENDING,B003
1487,Andrew,Love,1937-10-05,brownlaura@example.net,2016-09-12,VERIFIED,B003
1488,Lorraine,Bartlett,1964-10-01,bmccoy@example.com,2016-02-29,PENDING,B002
1489,Emily,Nichols,1981-10-26,avilabrenda@example.net,2024-06-23,PENDING,B003
1490,Michael,Shaw,1956-02-25,catherine47@example.com,2019-12-12,VERIFIED,B003
1491,Donna,Wells,1973-12-08,julierobles@example.net,2018-12-11,PENDING,B002
1492,Cynthia,Evans,1999-09-29,susan08@example.net,2017-05-29,PENDING,B003
1493,Bobby,Armstrong,1963-10-06,torreskaitlin@example.net,2019-06-08,VERIFIED,B002
1494,Robert,Brewer,1972-05-30,jackjensen@example.com,2017-12-08,PENDING,B003
1495,Howard,Marsh,1997-03-17,enewman@example.com,2022-09-17,PENDING,B002
1496,John,Gonzalez,1977-05-18,michael31@example.com,2022-03-11,VERIFIED,B001
1497,Rachel,Stewart,1967-11-22,heather29@example.net,2019-08-22,VERIFIED,B003
1498,Leslie,Patterson,1935-05-07,kristenjoseph@example.net,2020-05-10,VERIFIED,B001
1499,Mary,Taylor,1988-07-02,wford@example.com,2020-11-11,VERIFIED,B002
1500,Daniel,Brewer,1940-12-23,michele28@example.org,2018-08-17,PENDING,B001
1501,Olivia,Jones,1940-07-01,atkinsoncrystal@example.net,2021-10-13,VERIFIED,B001
1502,Kayla,Lewis,1937-09-02,amy87@example.net,2023-09-30,PENDING,B003
1503,Michael,Walker,1991-05-12,dennis88@example.org,2019-12-18,PENDING,B003
1504,Wayne,Bates,1996-11-23,katherinetaylor@example.org,2017-10-14,VERIFIED,B003
1505,Stacy,Hopkins,2005-08-21,ccrosby@example.org,2023-08-11,PENDING,B001
1506,Jesse,Baker,1952-01-29,aprilmoody@example.com,2020-09-09,PENDING,B001
1507,Shawn,Williams,2006-07-30,dakota84@example.net,2018-08-17,PENDING,B002
1508,Amy,Thompson,1982-09-17,briana18@example.com,2019-10-04,PENDING,B002
1509,Rebecca,Black,1960-10-03,tommy79@example.org,2021-01-05,PENDING,B002
1510,Don,Martin,1940-08-15,jason22@example.com,2022-01-06,VERIFIED,B001
1511,Lisa,Guerrero,1965-04-05,jennifer77@example.com,2018-02-06,PENDING,B003
1512,Evan,Whitaker,1936-08-19,andersonbrittany@example.org,2022-04-16,PENDING,B002
1513,Benjamin,Armstrong,1939-01-28,sandra86@example.net,2025-09-08,VERIFIED,B003
1514,Dana,Johns,1988-02-19,stacey37@example.net,2025-12-03,VERIFIED,B003
1515,Michelle,Jackson,1995-08-11,laurahoover@example.org,2022-03-24,VERIFIED,B001
1516,William,Jackson,1985-01-15,ecarlson@example.org,2019-10-11,PENDING,B003
1517,David,Smith,1973-02-25,mserrano@example.org,2017-10-08,PENDING,B003
1518,Rachel,Greene,1999-01-26,davisdonna@example.net,2021-05-22,PENDING,B001
1519,Aaron,Pace,1984-07-12,xboyd@example.org,2022-12-21,PENDING,B001
1520,Roy,Mays,1970-03-10,zbell@example.net,2025-01-27,VERIFIED,B002
1521,Mary,Johnston,1966-01-20,thomas31@example.com,2021-12-23,PENDING,B003
1522,Amy,Scott,1935-05-24,lanedavid@example.org,2019-09-29,VERIFIED,B001
1523,Jamie,Brock,1964-11-03,mooredenise@example.com,2018-08-10,PENDING,B001
1524,Amanda,Cunningham,1979-08-30,afischer@example.net,2023-11-01,VERIFIED,B002
1525,Timothy,Wood,1975-07-03,vanessa95@example.net,2019-12-23,VERIFIED,B001
1526,Devin,Shields,1943-09-09,seanlyons@example.org,2016-12-30,PENDING,B002
1527,William,Hartman,1993-06-16,martintamara@example.org,2024-01-15,VERIFIED,B003
1528,Madeline,Ruiz,1978-10-24,brownjeffrey@example.org,2022-01-31,VERIFIED,B003
1529,Jenny,Arias,1964-03-29,jennifer90@example.org,2022-05-25,VERIFIED,B003
1530,Scott,Harris,1982-12-12,james98@example.net,2022-12-24,PENDING,B003
1531,Christina,Craig,1961-04-03,cantrellchristopher@example.com,2023-10-17,PENDING,B001
1532,Michael,Foster,1977-10-11,mclaughlincasey@example.org,2021-06-28,VERIFIED,B001
1533,Jessica,Hansen,1977-07-19,sylvia43@example.net,2025-08-17,VERIFIED,B002
1534,Shawn,Powell,1935-05-03,richardrodriguez@example.org,2021-01-10,VERIFIED,B001
1535,Matthew,Wilson,1972-06-18,nancy94@example.net,2020-06-03,VERIFIED,B002
1536,Nicholas,Webb,1952-10-02,susan77@example.net,2024-08-12,PENDING,B001
1537,Timothy,Scott,1962-12-06,ericahall@example.com,2020-02-13,PENDING,B002
1538,Michael,Nichols,1986-02-25,john16@example.net,2023-06-26,PENDING,B002
1539,Matthew,Spencer,1948-01-09,michael94@example.org,2025-06-19,VERIFIED,B001
1540,Felicia,Browning,1971-06-03,jimmyallen@example.com,2018-01-23,VERIFIED,B003
1541,James,Wright,1980-02-25,kimberlywilson@example.org,2022-10-02,VERIFIED,B002
1542,Elizabeth,Austin,1990-10-14,charlesnathan@example.com,2020-12-01,VERIFIED,B001
1543,Tricia,Prince,1998-05-31,wwhite@example.net,2018-10-18,VERIFIED,B002
1544,Jeffrey,Ray,1938-12-12,imendoza@example.org,2021-01-07,VERIFIED,B001
1545,Phillip,Parks,1947-10-03,wolfesteve@example.net,2016-01-29,VERIFIED,B003
1546,Emily,Gray,1942-05-08,chloe42@example.net,2018-08-16,VERIFIED,B003
1547,Joseph,Mullen,1960-01-15,victorclark@example.net,2023-07-08,PENDING,B001
1548,Michael,Morales,1967-11-24,tiffanyparks@example.org,2023-03-16,VERIFIED,B003
1549,Linda,Peters,1997-07-03,dustinhaley@example.org,2020-09-21,VERIFIED,B002
1550,Alec,Fisher,1944-10-23,kristen44@example.net,2024-07-31,PENDING,B003
1551,Brandon,Garcia,1946-12-02,lisawoods@example.net,2016-12-15,VERIFIED,B001
1552,Julie,Green,1961-04-18,maurice61@example.com,2024-09-01,PENDING,B001
1553,Sylvia,Gonzalez,1977-01-13,tiffanymitchell@example.com,2022-09-23,PENDING,B001
1554,Tony,Doyle,1999-12-09,daustin@example.net,2025-07-24,VERIFIED,B003
1555,Miranda,Davidson,2002-10-12,kwelch@example.com,2024-06-26,VERIFIED,B001
1556,Charles,Martin,1951-08-27,denise49@example.net,2019-12-13,PENDING,B001
1557,Pam,Norman,2003-07-11,lgutierrez@example.org,2017-03-30,VERIFIED,B001
1558,Jimmy,King,1989-04-18,clarkrandy@example.org,2016-08-19,PENDING,B001
1559,Natasha,Kelley,1936-12-01,fwarren@example.org,2018-08-14,PENDING,B003
1560,Eric,Pena,1999-08-20,jerome47@example.net,2017-04-04,PENDING,B003
1561,Alison,Jackson,1937-07-24,michelle57@example.com,2025-09-29,PENDING,B001
1562,Amber,Nelson,1967-06-20,brittanybryant@example.net,2022-05-09,VERIFIED,B002
1563,Anne,Mills,1981-09-05,regina78@example.org,2024-01-16,VERIFIED,B001
1564,Scott,Diaz,1953-12-17,alex82@example.com,2018-11-11,VERIFIED,B003
1565,Amanda,Watts,1970-11-27,xevans@example.com,2023-12-22,PENDING,B003
1566,Carla,Robles,1975-01-05,robertcastro@example.com,2018-06-29,PENDING,B003
1567,Jennifer,Brewer,1995-06-21,josehenderson@example.org,2021-02-28,PENDING,B002
1568,Lauren,Austin,1985-08-26,justin84@example.com,2017-11-15,PENDING,B001
1569,Casey,Taylor,1943-01-19,rwilliamson@example.net,2022-03-22,PENDING,B002
1570,Jacob,Smith,1938-08-14,lopezcurtis@example.com,2017-03-30,PENDING,B003
1571,Samuel,Smith,1941-07-30,snydermatthew@example.com,2023-11-08,PENDING,B003
1572,Tyrone,Watson,1985-11-14,riveramegan@example.org,2016-07-21,PENDING,B001
1573,Kimberly,Jones,1969-04-25,paulawright@example.com,2024-04-11,PENDING,B002
1574,David,Tate,1953-03-03,cwright@example.org,2020-08-08,VERIFIED,B003
1575,Kelli,Boyd,2006-09-09,tprice@example.com,2017-07-31,PENDING,B002
1576,Jessica,Garner,1975-02-11,kingdanielle@example.org,2019-08-07,VERIFIED,B001
1577,Brett,Estrada,2006-01-16,cynthianguyen@example.org,2023-12-09,PENDING,B001
1578,Brenda,Foster,1952-09-27,perkinshannah@example.net,2021-12-15,VERIFIED,B001
1579,Nathan,Davis,1946-07-04,parksmatthew@example.net,2016-08-05,PENDING,B002
1580,Michael,Moore,1974-02-23,martinezjesse@example.net,2023-11-18,VERIFIED,B002
1581,Katherine,Trujillo,1967-01-08,andrewgray@example.net,2017-05-05,VERIFIED,B002
1582,Rachel,Washington,1966-12-07,amy73@example.net,2017-11-10,PENDING,B001
1583,Michael,Oconnor,1955-02-03,caseymoore@example.com,2024-03-10,VERIFIED,B003
1584,Amber,Gibson,1991-08-21,bgross@example.net,2024-07-24,PENDING,B002
1585,Kimberly,Allen,1987-08-18,rlee@example.com,2023-08-27,VERIFIED,B001
1586,Eric,Campbell,1964-11-28,daniel81@example.org,2024-05-06,PENDING,B001
1587,David,Russo,1949-09-30,clee@example.net,2022-05-31,VERIFIED,B003
1588,Paul,Burns,1980-07-17,brandon39@example.net,2016-09-13,PENDING,B002
1589,Sarah,Clark,1970-11-13,mcdonalddanielle@example.com,2021-07-29,PENDING,B002
1590,Sharon,Perry,1961-12-08,colonjoseph@example.org,2023-05-04,VERIFIED,B003
1591,Mary,Miller,1950-10-03,garciajerry@example.com,2017-11-21,PENDING,B002
1592,Alicia,Wright,1980-08-23,angelagrant@example.net,2017-01-18,VERIFIED,B003
1593,Danielle,Howard,1968-06-24,kandrade@example.org,2021-06-30,PENDING,B001
1594,William,Sandoval,1973-12-20,umahoney@example.net,2025-11-28,VERIFIED,B003
1595,Mark,Watson,1990-10-12,umckenzie@example.net,2018-05-27,VERIFIED,B002
1596,Amy,Brooks,1975-03-01,michael77@example.com,2015-12-30,VERIFIED,B002
1597,Austin,Mitchell,1936-03-08,victoriaturner@example.com,2025-11-02,VERIFIED,B001
1598,Jason,Edwards,1991-04-26,samantha88@example.net,2025-04-03,PENDING,B002
1599,Eric,Johnson,1960-12-15,josephpreston@example.org,2018-04-29,PENDING,B003
1600,Lisa,Davis,1964-03-06,jessicacummings@example.com,2017-09-21,PENDING,B002
1601,Margaret,Norris,1977-01-22,larsonkevin@example.net,2024-01-29,PENDING,B003
1602,Patrick,Deleon,2002-04-16,michael66@example.org,2024-09-10,VERIFIED,B001
1603,Jeremy,Delgado,1978-12-18,walterscrystal@example.org,2019-01-16,PENDING,B002
1604,Blake,Fernandez,1945-11-30,ericnunez@example.com,2025-09-15,VERIFIED,B002
1605,Karen,Johnston,1941-07-27,matthewalvarez@example.net,2016-06-27,VERIFIED,B003
1606,Raymond,Miller,1971-08-18,kathleencastillo@example.org,2020-11-15,PENDING,B003
1607,Denise,Gonzalez,1979-12-18,johnadams@example.com,2019-03-25,VERIFIED,B002
1608,Sandra,Davis,1984-01-12,mdiaz@example.com,2019-06-10,PENDING,B002
1609,Diana,Carrillo,1947-05-08,christina79@example.org,2020-05-26,VERIFIED,B001
1610,Sandra,Hall,1985-01-09,katherinefarrell@example.org,2023-05-23,PENDING,B003
1611,John,Oliver,1945-10-10,alexander14@example.com,2020-09-15,PENDING,B002
1612,Martin,Singh,1950-06-18,ana92@example.net,2022-12-25,PENDING,B003
1613,Andrew,Aguilar,1983-06-07,scottbrian@example.org,2023-11-20,VERIFIED,B003
1614,Christine,Brown,1982-10-16,jonesdonna@example.net,2024-07-07,PENDING,B001
1615,Donna,Lin,1936-05-21,yhall@example.net,2025-10-05,VERIFIED,B001
1616,Cory,Stewart,1998-04-08,lopezvincent@example.com,2021-08-08,PENDING,B001
1617,Jennifer,Williams,2002-04-27,matthew62@example.org,2019-06-18,PENDING,B003
1618,Michael,Garrett,1952-03-27,lisa46@example.org,2025-06-08,VERIFIED,B001
1619,Stacy,Perez,1959-12-12,fsandoval@example.net,2019-10-26,VERIFIED,B002
1620,Susan,Salazar,1980-08-28,robertberry@example.com,2025-09-13,VERIFIED,B002
1621,Renee,Murphy,1974-07-30,denisecarpenter@example.net,2023-12-30,VERIFIED,B003
1622,Michelle,Parker,1986-06-21,russellstout@example.org,2022-07-23,PENDING,B001
1623,Annette,Moore,1939-12-12,whitemary@example.org,2023-04-08,VERIFIED,B001
1624,Kathy,Beard,1965-03-21,vturner@example.net,2025-04-30,PENDING,B003
1625,Joshua,Maxwell,1942-10-15,anthonyodom@example.net,2018-08-30,VERIFIED,B002
1626,Ashley,Hall,1951-12-11,howardhailey@example.com,2017-05-02,PENDING,B003
1627,Meghan,Harrison,1982-05-31,melissahenry@example.org,2017-08-19,PENDING,B001
1628,Jeremy,Ortiz,2005-09-19,stephanie33@example.org,2016-08-27,PENDING,B002
1629,Sara,Duke,1998-04-18,dwatts@example.org,2020-04-08,VERIFIED,B002
1630,Kimberly,Franklin,1995-03-04,phillip99@example.net,2021-03-31,VERIFIED,B003
1631,Nancy,Buchanan,1973-01-01,cbryant@example.org,2021-03-07,PENDING,B001
1632,Randall,Moss,1975-09-15,leescott@example.com,2023-09-25,PENDING,B001
1633,Justin,Jackson,1956-06-27,vaughnrebecca@example.com,2024-04-17,VERIFIED,B003
1634,Shannon,Sharp,1943-04-04,phillipmorris@example.org,2017-10-13,VERIFIED,B003
1635,Brittany,Marquez,1949-09-26,udavis@example.net,2022-06-25,PENDING,B002
1636,Jennifer,Martin,1988-07-09,wilsonshannon@example.com,2016-11-05,PENDING,B001
1637,Jasmine,Acosta,2006-03-08,nicholasjames@example.org,2025-02-12,PENDING,B002
1638,Ariana,Keller,1945-12-13,haroldjoseph@example.com,2019-01-28,PENDING,B003
1639,Jessica,Woodward,1956-01-28,davidanderson@example.org,2016-01-11,PENDING,B002
1640,Kathy,Smith,1971-04-28,astephens@example.net,2024-10-27,VERIFIED,B002
1641,John,Chapman,1969-09-20,mramos@example.net,2016-01-23,PENDING,B003
1642,Nicole,Ramirez,1980-11-19,brandonhernandez@example.net,2019-06-26,PENDING,B001
1643,Dustin,Johnson,1977-03-12,mark10@example.org,2020-03-01,PENDING,B003
1644,Gregory,Powers,1979-08-09,tammycurry@example.com,2025-04-23,PENDING,B001
1645,Christopher,Evans,1961-11-25,wwilkins@example.com,2024-06-05,PENDING,B001
1646,Calvin,Ruiz,1943-11-26,mark68@example.org,2022-12-14,PENDING,B003
1647,Cheryl,Rodriguez,1988-04-06,webbhaley@example.net,2018-11-13,PENDING,B002
1648,Chelsea,Stewart,1973-05-07,sara99@example.com,2021-03-11,PENDING,B001
1649,Crystal,Vasquez,1948-02-16,jeanettekrause@example.org,2017-03-05,VERIFIED,B003
1650,Steven,Robles,1988-10-30,laurenduarte@example.com,2016-06-13,VERIFIED,B003
1651,Michael,Shaffer,1950-06-30,hannahking@example.org,2019-01-27,VERIFIED,B003
1652,William,Nguyen,1935-06-11,matthew99@example.org,2024-04-25,VERIFIED,B001
1653,James,Bass,2002-04-27,zhendricks@example.org,2022-06-14,PENDING,B001
1654,Timothy,Burton,2000-02-11,steven60@example.net,2018-12-27,VERIFIED,B001
1655,Jessica,Stewart,1974-02-11,barbararivera@example.com,2016-08-27,PENDING,B002
1656,Edward,Pittman,1959-10-02,ksims@example.net,2022-01-19,PENDING,B001
1657,Jacob,Wilson,1992-02-08,janet50@example.com,2020-02-18,VERIFIED,B003
1658,Tyler,Young,1967-12-26,javier42@example.org,2019-09-27,VERIFIED,B002
1659,Benjamin,Harris,1941-10-03,lloydrebecca@example.org,2017-11-23,PENDING,B001
1660,Sandra,Oconnor,1973-03-21,douglas18@example.net,2025-12-03,VERIFIED,B001
1661,Jamie,Johnson,1963-04-16,cookpamela@example.org,2021-03-14,VERIFIED,B002
1662,Donna,Edwards,1977-02-26,danielle35@example.org,2017-12-02,VERIFIED,B001
1663,Joshua,Flores,1967-03-13,nelsoneric@example.org,2016-02-23,PENDING,B003
1664,Cindy,Palmer,1950-01-27,andrea42@example.net,2024-01-14,PENDING,B001
1665,Audrey,Jackson,1957-09-22,amber02@example.org,2020-09-13,PENDING,B002
1666,Emma,Rodriguez,1938-12-03,tmyers@example.net,2024-11-27,VERIFIED,B001
1667,Crystal,Vaughn,1967-07-17,larry38@example.org,2025-09-24,VERIFIED,B002
1668,Katelyn,Owens,1944-08-13,tdavis@example.net,2022-06-10,VERIFIED,B003
1669,Katie,Ruiz,2004-02-27,michellejensen@example.com,2019-12-01,VERIFIED,B001
1670,Holly,Ortega,1992-07-29,shawn01@example.com,2017-02-14,VERIFIED,B001
1671,Timothy,Singleton,1955-08-07,cassandra28@example.org,2020-01-19,VERIFIED,B001
1672,Jennifer,Rodriguez,1975-08-05,sparksamanda@example.com,2021-11-25,PENDING,B001
1673,John,Sanchez,1946-08-08,vreyes@example.org,2024-02-19,PENDING,B001
1674,Brittany,Mueller,1966-10-10,amy32@example.net,2022-09-10,VERIFIED,B002
1675,Jodi,Joseph,1996-01-29,vargassteven@example.net,2016-12-20,PENDING,B001
1676,Sean,Parker,1964-08-13,jenningscandace@example.com,2019-04-09,PENDING,B003
1677,Deanna,Brown,1950-11-18,paigeberger@example.net,2024-02-04,PENDING,B003
1678,Katherine,Guerrero,1968-01-23,peter97@example.org,2018-01-19,VERIFIED,B001
1679,Natalie,Evans,1992-12-24,samantha65@example.org,2021-10-27,PENDING,B002
1680,Cheryl,Dixon,1996-11-14,bryan80@example.org,2023-01-11,VERIFIED,B002
1681,Lori,Howard,1997-11-12,youngjacqueline@example.com,2022-03-31,PENDING,B003
1682,Jennifer,Sullivan,1966-10-06,elainewells@example.org,2021-07-19,PENDING,B001
1683,Megan,Ward,1965-06-14,whitney22@example.org,2016-09-17,PENDING,B002
1684,Alfred,Griffith,1970-07-10,iproctor@example.org,2017-05-14,VERIFIED,B001
1685,Linda,Dalton,2000-03-23,dhanson@example.net,2020-03-27,VERIFIED,B002
1686,Lori,Cruz,1951-06-22,kjacobs@example.com,2024-06-18,PENDING,B003
1687,Joel,Shaw,1964-12-26,arthur09@example.com,2023-01-16,PENDING,B002
1688,Daniel,Olson,1985-05-26,jessicafox@example.com,2020-08-23,VERIFIED,B001
1689,Christian,Wu,1941-06-14,qmccoy@example.net,2016-10-10,VERIFIED,B003
1690,Cynthia,Yates,1957-10-22,bergeramanda@example.org,2020-09-06,VERIFIED,B001
1691,William,Harrison,1988-07-24,zgomez@example.com,2018-11-20,PENDING,B003
1692,Austin,Livingston,1989-09-13,bryan79@example.org,2021-09-21,VERIFIED,B001
1693,Diana,Carter,1988-10-27,mitchellchristopher@example.net,2016-10-05,VERIFIED,B003
1694,Kristen,King,1979-12-13,michaela01@example.net,2017-09-27,VERIFIED,B003
1695,Brittany,Hernandez,1967-08-08,josehaynes@example.com,2017-10-20,PENDING,B001
1696,Alison,Johnson,2006-10-31,caitlinunderwood@example.com,2023-07-10,VERIFIED,B002
1697,Robert,Reyes,1983-03-23,jasonnavarro@example.com,2016-07-15,PENDING,B003
1698,Joseph,Weiss,1938-10-30,tross@example.com,2023-06-16,PENDING,B003
1699,Karen,Patel,1962-09-20,jwells@example.net,2024-09-12,PENDING,B003
1700,Alexander,Ho,1967-10-04,suzanne01@example.net,2022-05-15,PENDING,B003
1701,Stephanie,Reynolds,2002-01-04,matthew41@example.com,2022-07-16,VERIFIED,B003
1702,Peter,Mejia,1989-09-05,aprilbyrd@example.org,2019-02-16,VERIFIED,B003
1703,Alex,Smith,1939-12-15,gdavis@example.net,2020-06-15,VERIFIED,B002
1704,Jeffrey,Campbell,1949-02-02,harveybrian@example.net,2022-07-24,VERIFIED,B001
1705,Mary,Sampson,1981-07-29,millercassandra@example.com,2022-07-23,VERIFIED,B003
1706,Rachel,Knight,2005-08-06,dominguezjon@example.com,2022-08-07,VERIFIED,B001
1707,Charles,Chavez,2007-08-25,qschwartz@example.com,2018-07-27,VERIFIED,B002
1708,Kimberly,Ramirez,1939-07-20,dcook@example.com,2025-07-20,VERIFIED,B003
1709,Joseph,Alexander,1970-11-21,chelseywhite@example.com,2017-01-29,PENDING,B002
1710,Amber,Reynolds,1979-10-25,gainesjennifer@example.org,2016-05-05,VERIFIED,B002
1711,Chad,Luna,1991-09-25,mosleyeduardo@example.net,2016-01-02,VERIFIED,B002
1712,Benjamin,Myers,1946-01-23,rebecca90@example.net,2023-01-26,PENDING,B002
1713,Kelli,Mendoza,1964-06-24,fernandezaaron@example.net,2024-03-05,PENDING,B003
1714,Timothy,Bradley,2003-04-03,mathew46@example.org,2022-04-26,PENDING,B001
1715,Susan,Davis,1974-01-08,christopher74@example.net,2018-01-09,VERIFIED,B001
1716,Angela,Ponce,1983-03-25,heather15@example.com,2016-11-04,VERIFIED,B002
1717,Cynthia,Moss,1945-03-18,anthonydavies@example.org,2020-11-20,PENDING,B001
1718,Bryan,Fernandez,1957-06-17,blevy@example.org,2019-05-22,PENDING,B001
1719,Matthew,Le,1964-08-06,lindsaycontreras@example.com,2025-05-25,VERIFIED,B003
1720,Molly,Herrera,1989-02-02,sandyjohnson@example.org,2020-11-18,VERIFIED,B001
1721,Andrew,Meadows,1980-02-19,jacquelineanderson@example.org,2022-04-28,PENDING,B002
1722,Rebecca,Hoover,1942-02-05,marybrown@example.org,2017-02-19,VERIFIED,B002
1723,Brooke,Gilbert,1939-08-08,ronaldcain@example.net,2022-10-12,PENDING,B003
1724,Mark,Daugherty,1977-01-15,marcoconnell@example.org,2023-08-21,VERIFIED,B001
1725,Brittany,Rogers,1943-10-23,katherinejackson@example.com,2021-07-12,PENDING,B002
1726,Samuel,Frost,1937-12-19,moodycrystal@example.com,2023-10-09,PENDING,B003
1727,Alexis,Tucker,1935-06-17,saramann@example.net,2024-11-11,VERIFIED,B003
1728,Robert,Aguirre,1991-05-23,jamiebowman@example.net,2020-07-01,VERIFIED,B001
1729,John,Thompson,1985-06-27,jennifersalazar@example.org,2022-04-08,PENDING,B001
1730,Kimberly,Bailey,1935-04-30,jamesdowns@example.org,2022-03-08,VERIFIED,B003
1731,Michelle,Hatfield,1972-01-17,qtownsend@example.org,2018-10-04,VERIFIED,B001
1732,James,Hogan,1985-01-06,kjimenez@example.net,2025-03-22,PENDING,B002
1733,Brian,Diaz,1950-04-18,matthew70@example.org,2023-05-26,VERIFIED,B003
1734,Sara,Thompson,1992-05-02,erobertson@example.org,2023-03-18,VERIFIED,B002
1735,Brittany,Nguyen,1949-07-03,jerry15@example.org,2016-12-22,VERIFIED,B003
1736,Joan,Kane,1962-05-29,charlesrichards@example.org,2024-11-24,VERIFIED,B003
1737,Dustin,Reilly,1968-03-17,dbrooks@example.net,2017-12-08,PENDING,B003
1738,Michael,Nelson,1959-07-07,schwartzbrian@example.org,2017-02-07,VERIFIED,B002
1739,Steven,Barnes,1990-07-01,oliviamunoz@example.net,2025-07-10,VERIFIED,B003
1740,Rebecca,Lane,1975-05-07,christophervincent@example.com,2024-08-13,PENDING,B001
1741,Javier,Wells,1968-10-10,blairjill@example.org,2018-06-22,VERIFIED,B003
1742,Ryan,Walker,2002-09-13,robinvillanueva@example.com,2025-10-18,PENDING,B003
1743,Billy,Ruiz,1991-02-07,simmonsphillip@example.net,2024-03-17,VERIFIED,B001
1744,Shaun,Allen,1975-10-06,steelerichard@example.org,2017-04-27,VERIFIED,B002
1745,Kenneth,Holland,1941-08-14,kcaldwell@example.net,2020-08-02,VERIFIED,B002
1746,Ashley,Silva,2006-04-10,tingram@example.com,2017-11-04,PENDING,B002
1747,Monica,Sims,1986-05-19,daltonchad@example.net,2019-04-29,PENDING,B003
1748,Antonio,Simmons,1954-09-09,kristinmiller@example.com,2023-05-09,PENDING,B002
1749,Brian,Dougherty,1984-03-30,rodriguezmichael@example.net,2016-05-27,VERIFIED,B002
1750,Michael,Wong,1986-06-14,devonrogers@example.net,2017-02-16,VERIFIED,B002
1751,Timothy,Crosby,1977-05-05,karenhodges@example.com,2019-07-10,VERIFIED,B001
1752,Joseph,Frazier,1955-03-24,watsonshaun@example.net,2021-04-05,VERIFIED,B001
1753,David,Mckinney,1984-07-05,shannon51@example.org,2024-11-30,PENDING,B002
1754,Stephen,Miller,2000-07-17,susan11@example.org,2018-10-03,PENDING,B001
1755,Heidi,Crawford,1998-11-13,cartertara@example.net,2025-04-24,PENDING,B002
1756,Thomas,Fisher,1988-11-05,carterbryan@example.org,2024-05-06,PENDING,B001
1757,April,Rogers,1977-03-29,todd88@example.com,2020-07-29,VERIFIED,B003
1758,Ashley,Villanueva,1957-05-15,jeremy54@example.org,2017-06-23,PENDING,B003
1759,Justin,Huber,1980-02-26,jennifermitchell@example.org,2024-05-22,VERIFIED,B002
1760,Heather,Estrada,1946-03-14,darylchaney@example.net,2017-04-05,PENDING,B001
1761,Jorge,Lopez,1976-01-21,wadetiffany@example.org,2019-09-22,VERIFIED,B003
1762,Amber,Martin,1957-01-03,sullivanvictor@example.org,2025-06-22,PENDING,B001
1763,Sarah,Moore,2005-10-25,deborah47@example.com,2025-09-09,PENDING,B003
1764,Karen,Mcknight,1983-09-05,hmorgan@example.net,2020-10-13,VERIFIED,B003
1765,Billy,Gregory,1943-07-12,moralesmary@example.com,2019-07-27,PENDING,B002
1766,Mark,Franklin,1949-03-29,kimberlywang@example.org,2016-03-21,VERIFIED,B001
1767,Amanda,Griffin,1984-01-07,daughertypreston@example.com,2019-03-04,PENDING,B002
1768,Cassie,Harding,2001-04-23,raymond65@example.com,2019-09-21,PENDING,B002
1769,Justin,Bell,2006-05-09,lewispamela@example.net,2025-12-02,VERIFIED,B002
1770,Linda,Roberts,1993-10-22,achandler@example.org,2024-05-08,PENDING,B003
1771,Carla,Thomas,1957-02-17,carl96@example.org,2016-01-23,VERIFIED,B003
1772,Danielle,Nelson,1947-10-06,wpage@example.org,2017-12-26,PENDING,B001
1773,Marisa,Roberts,1970-10-22,mary47@example.net,2023-05-24,PENDING,B002
1774,Jeffrey,Moody,1946-03-28,stephanie71@example.net,2022-08-27,PENDING,B001
1775,Keith,White,2001-03-10,anthonyhubbard@example.com,2025-12-09,VERIFIED,B002
1776,Carl,Reese,1977-05-30,ooneill@example.net,2020-10-02,PENDING,B002
1777,Heather,Wilson,1972-05-29,brucefrancisco@example.org,2017-06-15,VERIFIED,B001
1778,Steven,Steele,1961-01-30,nelsonrobert@example.com,2016-06-24,PENDING,B003
1779,Kelly,Fowler,1940-08-08,katiewhite@example.org,2021-12-25,PENDING,B003
1780,Gary,Morris,1958-01-29,joseph51@example.net,2021-10-17,VERIFIED,B001
1781,Madeline,Smith,1972-10-26,kimberly65@example.org,2017-01-07,PENDING,B003
1782,Eric,Walker,1948-09-30,butlersabrina@example.org,2024-03-08,PENDING,B002
1783,Sandra,Mendoza,1957-09-27,don79@example.net,2023-08-19,PENDING,B001
1784,Matthew,Mckinney,1937-02-03,walkermelissa@example.org,2022-11-16,VERIFIED,B002
1785,Kyle,Clark,2006-08-13,yvazquez@example.org,2016-10-08,VERIFIED,B002
1786,Kim,Todd,1938-02-05,johnsondonna@example.net,2016-08-02,VERIFIED,B003
1787,David,King,1939-10-31,websterkimberly@example.net,2018-01-18,PENDING,B003
1788,Rachel,Lopez,1960-08-27,thomasjulie@example.com,2025-06-25,VERIFIED,B001
1789,Michael,Martin,1971-07-17,williamjones@example.net,2023-08-18,VERIFIED,B002
1790,Allison,Baldwin,2005-05-21,rachelmedina@example.net,2016-12-24,PENDING,B002
1791,Jason,Gordon,1986-08-29,helen27@example.net,2025-07-28,VERIFIED,B001
1792,Henry,Kelly,1962-09-15,willierussell@example.com,2017-03-25,VERIFIED,B003
1793,Daniel,Taylor,1990-08-22,angela01@example.com,2020-12-06,VERIFIED,B003
1794,Paul,Bryant,1988-09-25,aperez@example.com,2025-11-05,VERIFIED,B001
1795,Ronnie,Gates,2000-04-23,xcrosby@example.org,2016-02-14,PENDING,B002
1796,Emily,Powers,1963-12-06,wilsonralph@example.net,2021-11-25,VERIFIED,B003
1797,Cristian,Schaefer,2006-05-18,coxjames@example.org,2021-12-11,VERIFIED,B001
1798,Vicki,Martinez,1996-03-05,tramirez@example.net,2021-12-06,VERIFIED,B001
1799,Katelyn,Owen,2003-11-07,thomas96@example.com,2021-02-09,VERIFIED,B003
1800,Dylan,Gibson,1943-11-30,ocrawford@example.org,2016-04-16,PENDING,B001
1801,Joan,Greer,1971-05-11,stantonpatrick@example.net,2019-04-07,VERIFIED,B003
1802,Kevin,Hanson,1990-06-27,msparks@example.com,2022-08-13,VERIFIED,B002
1803,Tracy,Green,1960-01-29,cisnerosanthony@example.com,2024-10-18,PENDING,B003
1804,David,Cole,1997-04-03,cstevens@example.org,2021-07-24,VERIFIED,B002
1805,Michelle,Turner,1986-07-15,tjordan@example.net,2019-11-20,VERIFIED,B002
1806,Kathryn,Carroll,1970-10-21,kalvarez@example.net,2016-07-20,PENDING,B001
1807,Jose,Garza,1962-07-29,katie45@example.org,2016-04-10,VERIFIED,B001
1808,Brandon,Hood,1960-06-18,hubbardcolleen@example.com,2016-12-19,VERIFIED,B001
1809,Michael,Howard,1960-08-20,johnwong@example.net,2016-11-04,VERIFIED,B001
1810,Hailey,Melton,1943-05-09,andrewnguyen@example.com,2022-07-28,PENDING,B001
1811,Roberto,Robertson,1965-09-27,dominguezbrianna@example.com,2019-10-09,VERIFIED,B002
1812,Peter,Armstrong,1994-01-01,vazquezjamie@example.com,2021-01-08,VERIFIED,B002
1813,Kathy,Morgan,1979-11-17,tara37@example.net,2024-06-20,VERIFIED,B003
1814,Kristin,Pittman,1974-02-09,joseph49@example.com,2024-01-16,VERIFIED,B001
1815,Claudia,Rubio,1987-05-22,vargasjoshua@example.net,2024-01-03,PENDING,B001
1816,Thomas,Clark,1993-01-28,william46@example.net,2021-05-24,VERIFIED,B001
1817,James,Morales,1980-08-13,jpowers@example.org,2024-10-20,PENDING,B001
1818,Courtney,Black,1948-08-11,vlewis@example.com,2018-09-03,PENDING,B002
1819,Dana,Lamb,1997-03-31,umichael@example.net,2016-08-04,VERIFIED,B003
1820,James,Ford,1952-07-17,megan65@example.org,2022-05-02,PENDING,B003
1821,Meghan,Adams,1955-12-13,jonathanburke@example.com,2018-05-19,VERIFIED,B003
1822,Edward,Johnson,1993-03-06,steven86@example.com,2022-06-19,VERIFIED,B003
1823,Benjamin,Moore,1944-12-14,kristine48@example.org,2022-06-09,VERIFIED,B002
1824,Bobby,Sharp,1992-02-05,heathchristopher@example.net,2018-12-22,VERIFIED,B003
1825,Bryce,Friedman,2000-06-16,sandersmary@example.org,2018-05-10,VERIFIED,B002
1826,Ashley,Mason,1943-10-20,tyler13@example.net,2017-03-20,VERIFIED,B001
1827,Lindsay,Murphy,1977-08-25,vshaffer@example.org,2025-05-08,PENDING,B001
1828,Jeffery,Rodriguez,1950-08-16,scott49@example.org,2020-11-24,PENDING,B002
1829,Nicholas,Fry,1958-02-05,pwells@example.com,2024-10-15,PENDING,B002
1830,Sharon,Cox,1987-03-28,andrew90@example.net,2022-08-14,PENDING,B001
1831,Shelley,Vazquez,1992-07-29,johnnycruz@example.net,2025-07-31,VERIFIED,B003
1832,Michael,Burnett,1943-11-27,miaprice@example.com,2025-04-09,PENDING,B003
1833,Samantha,Turner,2003-05-07,kennethvillarreal@example.org,2025-02-25,VERIFIED,B001
1834,Crystal,Suarez,1990-12-19,rmccormick@example.org,2024-03-24,PENDING,B003
1835,Shelby,Ruiz,1965-02-20,jennifer12@example.net,2018-08-09,PENDING,B003
1836,Carl,Fisher,1988-03-24,shawn00@example.net,2022-05-30,PENDING,B003
1837,Crystal,Gibbs,1944-12-05,tgonzalez@example.com,2021-10-02,VERIFIED,B003
1838,Daniel,Wright,1987-01-31,melaniejennings@example.com,2020-07-05,PENDING,B001
1839,Morgan,Anderson,1947-08-29,lauren31@example.com,2019-09-02,VERIFIED,B002
1840,Phillip,Bennett,1995-12-05,andrewjohnson@example.net,2022-06-19,PENDING,B002
1841,Courtney,Meadows,2006-02-08,josechristian@example.org,2020-01-02,VERIFIED,B003
1842,Roy,Green,1941-06-30,george91@example.org,2023-03-07,PENDING,B001
1843,Ryan,Mora,1968-02-12,twilson@example.org,2017-11-25,VERIFIED,B001
1844,Michelle,Casey,1956-01-06,breyes@example.org,2021-12-30,PENDING,B001
1845,Wanda,Campbell,1984-06-05,ywhite@example.org,2016-04-13,PENDING,B003
1846,Theresa,Young,1967-12-01,mikesutton@example.com,2016-11-07,PENDING,B003
1847,Taylor,Savage,2006-02-15,tmcdaniel@example.com,2023-01-29,VERIFIED,B002
1848,Jill,Scott,1941-12-13,williamssarah@example.com,2025-01-28,PENDING,B001
1849,Wendy,Crosby,2005-08-07,smithwilliam@example.com,2019-01-08,PENDING,B003
1850,Ralph,Wood,2005-08-30,carpenterjorge@example.net,2020-12-03,VERIFIED,B003
1851,Matthew,Mcdonald,1941-07-16,hthomas@example.com,2016-06-08,PENDING,B001
1852,David,Savage,1995-12-08,sara44@example.net,2024-04-16,PENDING,B001
1853,Sara,Black,1966-10-22,leslievang@example.org,2021-07-20,PENDING,B003
1854,Sandra,Fields,1967-02-11,edgarhall@example.org,2020-09-11,PENDING,B003
1855,Frank,Mcdonald,1943-06-19,wwilliams@example.net,2021-08-08,PENDING,B003
1856,Stephen,Rodriguez,1987-07-16,daviddavis@example.com,2017-10-19,PENDING,B002
1857,Gary,Hicks,1954-11-28,brandybonilla@example.net,2023-08-31,VERIFIED,B001
1858,Henry,Knapp,1952-12-18,vrhodes@example.org,2018-11-02,PENDING,B002
1859,Tina,Martinez,1962-04-07,hooderic@example.org,2020-08-06,PENDING,B002
1860,Jasmine,Castillo,1980-11-11,brooke05@example.org,2022-07-22,VERIFIED,B003
1861,Stephanie,Nguyen,1988-05-25,jasonwilliams@example.net,2018-10-28,PENDING,B001
1862,Lauren,Manning,1974-12-08,qdavis@example.org,2018-05-25,VERIFIED,B003
1863,Kelli,Ross,1936-06-28,frankchan@example.com,2022-06-20,PENDING,B002
1864,Stephanie,Moore,1956-10-15,tfitzgerald@example.net,2022-01-11,VERIFIED,B001
1865,Michael,Davis,1961-10-26,tracymcclure@example.com,2018-09-05,PENDING,B003
1866,Caroline,Davis,1965-11-03,christina66@example.org,2016-05-25,VERIFIED,B002
1867,Matthew,Ford,1951-05-13,sarahrose@example.net,2021-03-29,PENDING,B001
1868,Kelly,Kim,2001-03-21,ievans@example.net,2025-01-09,PENDING,B001
1869,Mckenzie,Mills,1956-07-25,arnoldsamantha@example.net,2017-01-26,PENDING,B003
1870,Roger,Davis,1983-03-28,michael91@example.net,2016-02-27,VERIFIED,B001
1871,Joy,Ford,1992-05-20,awilliams@example.net,2018-12-21,PENDING,B001
1872,Brenda,Gibson,1983-12-04,matthew23@example.org,2016-10-10,PENDING,B003
1873,Tina,Green,1984-02-26,aferguson@example.com,2017-02-28,VERIFIED,B002
1874,George,Woods,1985-06-30,nturner@example.com,2022-11-25,PENDING,B002
1875,Sylvia,Leonard,1993-09-25,martinezalexander@example.org,2024-02-26,VERIFIED,B001
1876,Heather,Lopez,1936-12-13,pwong@example.org,2020-05-08,PENDING,B002
1877,Connie,Tyler,1948-12-06,kayla27@example.com,2016-03-18,VERIFIED,B003
1878,Gabriel,Hernandez,1986-04-14,cruiz@example.net,2018-06-03,VERIFIED,B001
1879,Kenneth,Gallegos,1963-08-04,alan66@example.com,2023-05-14,VERIFIED,B002
1880,Caitlin,Spencer,1956-03-21,gross@example.net,2023-03-30,PENDING,B001
1881,Savannah,Stein,1998-05-01,jenniferrice@example.com,2021-10-04,VERIFIED,B001
1882,Angela,Adams,1982-04-27,nwilson@example.net,2019-06-18,VERIFIED,B001
1883,Heidi,Smith,1956-01-08,taylorkim@example.net,2018-03-11,PENDING,B001
1884,Regina,Morgan,1978-12-12,sanderson@example.net,2023-02-09,PENDING,B001
1885,Susan,Whitaker,1984-02-18,laura29@example.org,2018-10-26,VERIFIED,B002
1886,Kara,Estrada,1944-06-02,ericvasquez@example.com,2025-06-04,VERIFIED,B003
1887,Tristan,Young,1975-08-23,howardjose@example.net,2017-07-31,VERIFIED,B003
1888,Maria,Kline,1937-04-30,morgandaniel@example.org,2017-03-14,PENDING,B002
1889,Jeffrey,Scott,1959-11-03,kayla84@example.org,2024-07-12,PENDING,B002
1890,Morgan,Munoz,1942-08-06,housesamuel@example.com,2025-08-15,PENDING,B002
1891,Katelyn,Villegas,1992-01-21,colonbobby@example.org,2017-08-31,VERIFIED,B001
1892,David,Harris,1961-05-24,jean87@example.net,2024-09-12,PENDING,B001
1893,Eric,Cox,1994-10-17,allisonscott@example.com,2023-09-08,VERIFIED,B003
1894,Adam,Davenport,1969-07-28,william14@example.com,2023-02-23,VERIFIED,B003
1895,Robert,Soto,1952-11-29,icobb@example.com,2020-02-17,VERIFIED,B002
1896,Robert,Ellis,1997-03-21,sherry72@example.org,2023-03-04,VERIFIED,B001
1897,Zachary,Jones,1959-09-10,kholden@example.com,2016-08-10,VERIFIED,B003
1898,Katherine,Keller,1981-10-27,levinetina@example.net,2024-10-02,PENDING,B001
1899,Teresa,Barnes,1999-08-28,jennifer55@example.org,2024-04-07,VERIFIED,B003
1900,Rachel,Bishop,1945-09-18,ngriffin@example.net,2022-03-28,PENDING,B003
1901,Christine,Ramos,1960-03-13,trowe@example.org,2016-05-13,PENDING,B003
1902,Matthew,Hardy,1989-01-07,abigailfernandez@example.org,2016-12-03,PENDING,B001
1903,Andrea,Boyd,1990-04-05,andrewzamora@example.net,2021-12-02,PENDING,B001
1904,John,Schroeder,1988-01-11,dennismckenzie@example.com,2022-04-07,VERIFIED,B003
1905,Michael,Williams,1982-07-07,westashley@example.org,2020-07-11,VERIFIED,B001
1906,Tonya,Trujillo,2007-03-11,michaelmitchell@example.net,2021-09-21,PENDING,B001
1907,Donald,Gray,1988-10-31,murphybrandi@example.com,2020-07-15,PENDING,B003
1908,Dwayne,Simmons,1965-01-27,brownpamela@example.com,2018-02-21,PENDING,B001
1909,Christian,Rhodes,1964-05-24,lwiggins@example.com,2022-05-11,PENDING,B001
1910,Wendy,Barker,2004-03-08,jcolon@example.net,2017-04-07,PENDING,B003
1911,Jennifer,Anderson,1986-06-04,bensonstanley@example.org,2023-06-17,VERIFIED,B001
1912,Sherry,Wood,2004-06-23,xrodriguez@example.net,2018-11-21,VERIFIED,B001
1913,Alexandra,Wilson,1957-04-03,kevin70@example.org,2017-06-01,PENDING,B002
1914,Brittany,Williams,2000-04-10,jason70@example.org,2021-06-21,VERIFIED,B002
1915,Carlos,Williams,1970-02-13,ariel56@example.com,2024-05-04,PENDING,B002
1916,Martha,Anderson,1945-02-08,qgill@example.com,2017-06-26,PENDING,B003
1917,Jessica,Davis,1980-08-08,zhughes@example.com,2021-05-28,VERIFIED,B002
1918,Susan,Wu,1988-09-18,clinejasmine@example.net,2022-04-18,VERIFIED,B003
1919,Kelsey,Parker,1982-02-02,leechristine@example.net,2023-07-28,PENDING,B003
1920,Susan,Boyd,1989-10-14,martinezsharon@example.org,2025-08-14,VERIFIED,B003
1921,Joshua,Harris,1995-07-25,imiller@example.net,2019-03-14,VERIFIED,B003
1922,Brianna,Henry,2003-03-02,samuel60@example.net,2019-03-03,PENDING,B003
1923,Jonathan,Wilson,1942-03-31,justinwhite@example.org,2017-07-15,VERIFIED,B002
1924,Stephanie,Gregory,1939-04-18,howard04@example.com,2016-12-24,VERIFIED,B003
1925,Douglas,Orozco,1953-10-28,williamsjohn@example.net,2021-11-08,VERIFIED,B001
1926,Trevor,Goodwin,1963-02-07,adamslucas@example.net,2020-01-25,PENDING,B003
1927,Timothy,Russell,1952-01-22,adamstabitha@example.net,2017-01-03,VERIFIED,B002
1928,Kathryn,Pearson,1944-02-29,ogriffin@example.net,2018-01-11,VERIFIED,B002
1929,Tammy,Brooks,2006-12-03,amandahenderson@example.net,2020-07-06,VERIFIED,B003
1930,Aaron,Marshall,1995-07-16,denise20@example.org,2025-05-01,PENDING,B002
1931,Timothy,Harper,1996-04-11,okidd@example.org,2021-11-05,VERIFIED,B001
1932,William,Williams,1988-12-14,turnerrandall@example.org,2024-04-19,VERIFIED,B002
1933,Jessica,Lutz,1999-02-09,cherylbernard@example.com,2024-11-01,PENDING,B001
1934,Sonia,Reid,2006-07-05,qnelson@example.com,2019-05-30,VERIFIED,B002
1935,Steve,Greene,1936-02-26,deborahsmith@example.com,2016-01-14,PENDING,B003
1936,Albert,Thompson,1975-07-27,ifarmer@example.org,2023-11-14,PENDING,B002
1937,Debra,Jones,1937-04-03,wchambers@example.com,2024-04-08,PENDING,B003
1938,Michael,Thompson,1991-01-21,martinezmitchell@example.org,2020-06-10,PENDING,B002
1939,Jeffrey,Smith,1955-07-08,james94@example.net,2018-03-16,VERIFIED,B001
1940,Tina,Coffey,1937-09-06,tconway@example.net,2018-01-31,VERIFIED,B003
1941,James,Nicholson,1963-11-28,ashley72@example.net,2017-12-06,VERIFIED,B003
1942,Joanne,Chambers,1979-01-05,cameronanderson@example.org,2017-04-08,PENDING,B002
1943,Sarah,Foley,1999-04-23,james08@example.net,2018-07-10,VERIFIED,B002
1944,Ann,Gibson,2003-06-17,nashmarcus@example.com,2018-09-26,PENDING,B001
1945,Erin,Owens,1961-05-19,stephensonjeffrey@example.com,2025-03-06,VERIFIED,B001
1946,Amanda,Stewart,1963-08-08,christopher90@example.net,2018-04-02,PENDING,B002
1947,Hannah,Rosario,2001-12-07,frankcollins@example.net,2022-04-01,VERIFIED,B003
1948,Anthony,Reynolds,1936-09-30,mary31@example.com,2018-05-18,PENDING,B001
1949,Matthew,Brown,1959-05-07,sherryparsons@example.net,2020-05-18,VERIFIED,B001
1950,Cody,Griffin,1944-02-09,rangelnicholas@example.net,2016-08-23,VERIFIED,B002
1951,David,Ellison,1967-04-03,cheryl61@example.org,2022-10-09,PENDING,B002
1952,Anita,Phillips,1962-11-03,williamsonrobert@example.net,2023-11-14,PENDING,B001
1953,Claire,Chavez,1968-11-18,nhobbs@example.org,2019-05-23,VERIFIED,B001
1954,Sharon,Logan,1968-02-22,briana11@example.org,2021-12-12,PENDING,B003
1955,Carlos,Clarke,1949-02-16,danascott@example.com,2020-10-22,VERIFIED,B001
1956,Christine,Lopez,1945-01-16,brownlarry@example.com,2021-02-15,PENDING,B003
1957,Denise,Howard,1977-08-08,dylanparker@example.com,2018-11-27,PENDING,B002
1958,Tara,Holmes,1983-01-02,brianhunter@example.net,2024-07-31,PENDING,B002
1959,Robert,Gonzalez,1949-08-15,kristenpeterson@example.net,2020-10-01,VERIFIED,B003
1960,Heather,Mcdonald,1985-07-16,christina65@example.org,2017-01-16,PENDING,B001
1961,Nancy,Lozano,1971-03-13,fowlerheather@example.com,2022-03-27,PENDING,B003
1962,John,Navarro,2004-07-13,lindsay63@example.com,2017-11-02,VERIFIED,B002
1963,Veronica,Cox,1940-05-17,spencerdouglas@example.com,2017-12-09,PENDING,B002
1964,Brenda,Cannon,1938-03-14,gonzalezjustin@example.org,2024-11-06,VERIFIED,B002
1965,Jennifer,Morgan,1975-06-22,jamesthompson@example.com,2025-02-06,VERIFIED,B002
1966,Andrew,Byrd,1962-08-28,morganjason@example.com,2018-05-25,PENDING,B003
1967,Lisa,Guerrero,2003-09-13,ejohns@example.org,2017-06-09,PENDING,B001
1968,Sandra,Norton,1948-12-26,ubenson@example.net,2020-04-16,PENDING,B003
1969,Daisy,Mccall,1990-09-13,melissaphillips@example.org,2019-04-10,PENDING,B002
1970,Brian,Flynn,1998-09-17,fclark@example.com,2023-11-27,PENDING,B001
1971,Christina,Jackson,1963-04-30,victor72@example.com,2023-02-13,VERIFIED,B003
1972,Alicia,Webb,2004-10-06,zadams@example.net,2025-03-17,VERIFIED,B001
1973,Brandy,Johnson,1951-01-08,shannonyoung@example.org,2019-01-20,PENDING,B002
1974,Pamela,Duncan,2003-04-15,jonathan12@example.org,2018-12-11,VERIFIED,B002
1975,April,Hall,1937-12-30,ronald76@example.com,2019-09-02,VERIFIED,B002
1976,Tyler,Nelson,1936-10-19,phall@example.org,2019-08-02,PENDING,B003
1977,Christopher,Kirby,1972-06-05,hartmansara@example.org,2017-03-07,VERIFIED,B002
1978,Michael,Payne,1959-05-11,john43@example.net,2022-01-13,VERIFIED,B001
1979,Devin,Wyatt,1987-04-11,alan44@example.com,2023-10-29,PENDING,B003
1980,Richard,Sullivan,1977-05-01,kennedywilliam@example.org,2024-08-25,VERIFIED,B003
1981,Jeremy,Cummings,1950-04-25,zacharyhartman@example.com,2023-03-22,PENDING,B003
1982,Steven,Conner,1957-11-06,roymcmahon@example.com,2018-02-02,VERIFIED,B002
1983,Shannon,Hansen,1962-05-07,kevinrojas@example.com,2024-02-06,VERIFIED,B002
1984,Mary,Morgan,1965-08-04,sfarmer@example.net,2018-12-28,PENDING,B002
1985,Brenda,Bradley,1937-05-06,ericcisneros@example.com,2021-09-04,PENDING,B002
1986,Lauren,Mcintyre,1976-11-20,nbaird@example.com,2016-08-18,VERIFIED,B001
1987,Paul,Wells,1958-12-31,tfowler@example.org,2017-09-16,VERIFIED,B002
1988,Emily,Thompson,1995-04-30,ocampbell@example.com,2022-08-04,PENDING,B001
1989,Chad,Brown,1972-11-05,markbrowning@example.com,2017-07-25,PENDING,B003
1990,Daniel,Herrera,1969-11-27,pricerebecca@example.org,2017-04-17,PENDING,B002
1991,Jamie,Reynolds,1986-10-19,kmoore@example.com,2021-11-14,PENDING,B001
1992,Wayne,Cohen,1955-02-07,rittersean@example.com,2022-01-16,PENDING,B001
1993,John,Murphy,1976-07-19,kstevens@example.org,2023-05-15,VERIFIED,B003
1994,Keith,Ibarra,1968-04-21,peter26@example.org,2017-10-15,PENDING,B001
1995,Christine,Reynolds,1963-01-28,hollydavis@example.net,2025-06-14,PENDING,B003
1996,John,Harrell,1954-12-24,elizabeth13@example.com,2020-02-09,PENDING,B002
1997,Kathleen,Martinez,1961-11-29,gordonkimberly@example.com,2020-07-03,VERIFIED,B001
1998,Johnny,Hunter,1968-09-24,fowleremma@example.com,2019-10-22,VERIFIED,B002
1999,Julie,Foley,1963-12-14,kingjenna@example.org,2019-04-07,VERIFIED,B003
2000,Kaitlyn,Washington,1939-12-23,jenniferkim@example.com,2024-03-14,PENDING,B003
